1079,559
538,235
472,403
884,145
1015,300
957,436
445,172
700,470
1042,76
341,81
821,133
641,151
281,151
428,201
882,791
826,181
421,139
1175,921
1084,790
996,408
465,7
404,319
636,1
988,54
1203,209
736,304
451,83
24,20
1061,948
411,215
1034,468
57,11
485,51
1067,755
489,439
508,108
551,57
120,38
770,222
779,619
590,278
9,8
69,43
1119,615
987,201
747,16
1148,798
951,377
1286,1261
284,223
72,54
974,799
355,188
1228,409
986,54
415,361
341,242
96,9
1029,512
927,216
452,187
1105,282
503,260
950,367
1189,571
642,601
481,457
772,201
308,60
54,19
962,787
1142,475
955,380
238,84
904,829
1214,460
214,187
190,177
598,142
329,53
1278,760
1170,339
321,84
1223,492
70,21
161,96
741,9
230,156
821,33
180,96
1256,277
1285,1226
1082,563
1003,360
268,148
65,9
1090,933
951,717
784,275
124,3
681,527
1150,601
677,258
117,110
737,632
483,478
281,4
283,248
712,269
1232,921
698,244
1133,105
38,10
1136,199
1078,741
1097,474
171,168
681,229
564,146
2,1
718,447
1049,258
1213,953
896,414
1240,949
1145,530
190,131
317,143
500,97
1050,351
106,85
229,48
398,53
10,6
19,18
523,1
750,369
475,408
1110,493
186,71
364,137
1186,1186
444,121
125,116
1102,915
1221,8
375,306
225,33
114,75
723,170
704,321
607,318
590,286
114,37
511,96
220,40
626,529
1123,73
728,601
1106,689
7,0
1103,777
272,236
431,428
503,468
245,111
1022,36
334,237
539,244
436,223
101,9
726,73
333,122
573,445
1149,66
65,23
533,128
1267,881
923,670
674,255
25,9
317,227
973,674
1197,281
266,203
347,56
129,63
201,164
559,0
514,294
1047,211
1189,985
303,65
1270,1198
136,27
614,375
912,459
1189,1081
436,426
427,41
779,542
27,1
570,5
1132,608
1267,344
1262,561
629,96
613,557
649,585
1109,656
19,8
493,345
845,469
48,40
326,192
685,309
1136,786
1115,357
102,68
99,62
840,223
990,127
973,487
106,22
217,51
127,67
129,88
209,12
1100,640
27,7
947,464
766,763
710,166
811,633
191,176
1278,1177
480,352
472,27
673,347
198,13
1236,1007
334,198
860,139
345,162
409,205
551,341
1011,698
246,92
468,328
881,270
38,15
451,165
1243,725
248,245
885,331
198,141
511,417
928,915
406,237
356,260
184,76
373,204
9,1
341,13
1084,961
397,88
782,440
159,120
204,105
998,479
295,67
331,82
572,367
316,216
311,274
292,129
639,500
742,729
1222,782
667,193
852,254
365,83
37,36
822,741
782,583
3,1
455,319
96,89
300,269
380,7
483,92
366,226
875,602
1224,395
1208,826
74,29
844,698
40,20
550,169
6,6
1011,68
144,30
497,50
1220,253
695,621
959,514
466,263
271,251
1034,240
349,323
532,437
1283,260
794,516
881,490
527,317
611,79
695,462
663,2
896,638
1223,1189
767,611
1008,503
1183,580
341,182
1224,1181
1041,1037
995,882
1098,979
485,166
798,563
43,29
412,43
209,194
701,16
923,800
1189,443
821,292
717,159
879,835
856,56
750,341
1226,385
573,282
680,5
162,100
11,5
417,165
9,5
550,339
504,203
690,246
420,220
806,42
1187,209
665,324
972,222
345,315
61,12
1087,844
513,409
1164,798
1028,737
477,223
9,4
61,7
141,123
279,256
3,3
1224,821
594,30
303,91
176,77
403,165
333,312
1082,237
179,51
393,244
378,110
930,29
1247,860
269,78
103,84
1205,953
367,361
681,248
1182,704
71,3
260,118
495,395
1144,843
113,105
303,173
637,133
307,43
126,23
1131,815
162,156
843,692
722,150
633,160
117,81
960,941
1064,985
76,27
1,1
1241,1045
1209,514
126,105
661,340
65,12
74,56
535,36
97,33
73,19
252,115
809,609
1122,347
338,11
11,3
1059,279
746,706
819,687
1002,219
1123,890
293,267
778,140
104,90
343,242
1004,876
708,174
872,277
1073,242
126,48
485,313
883,654
1246,1181
1160,548
1086,176
240,226
526,130
624,532
930,41
240,150
667,437
19,3
832,671
102,80
449,328
1142,249
650,361
793,694
423,389
191,9
710,130
896,467
339,266
662,598
58,44
820,13
896,578
791,663
532,254
1198,234
46,6
542,196
80,28
200,184
191,55
433,242
39,0
937,510
516,394
421,346
472,443
922,596
1166,924
247,183
480,132
59,50
801,133
1282,537
402,344
657,363
778,758
841,609
916,538
915,228
368,264
946,743
377,72
512,320
552,126
793,619
1225,582
1029,153
563,439
528,390
553,157
194,125
578,36
793,248
815,36
1196,595
1153,646
806,205
755,480
777,515
1167,467
1080,794
382,238
644,266
1214,160
656,241
10,10
460,30
1191,279
214,89
814,71
1149,1072
788,487
1032,588
578,339
819,168
47,43
959,11
1273,718
498,125
422,344
308,231
669,7
1194,230
587,247
650,448
285,114
325,82
245,181
88,41
74,74
713,634
422,296
916,634
979,161
1079,327
1109,427
393,85
450,226
280,18
668,390
594,258
783,1
187,58
517,372
583,122
426,388
772,92
765,48
677,267
851,840
1262,1184
1051,207
338,145
935,889
572,561
54,31
846,610
769,67
689,338
562,395
656,646
202,59
456,238
375,79
498,142
619,317
282,249
786,774
999,320
994,736
543,314
151,107
102,13
535,205
963,343
227,1
80,4
299,41
842,44
114,88
521,488
101,42
405,154
1109,745
869,86
1103,168
716,645
370,84
351,26
804,496
276,240
260,145
482,352
1194,529
761,247
320,157
641,427
504,386
1274,897
693,300
951,30
301,160
1212,99
1029,157
705,488
916,368
52,1
640,109
609,462
1205,114
759,692
197,68
946,889
669,269
544,433
187,147
688,426
911,549
903,781
276,222
521,26
523,508
240,231
826,116
58,37
1084,49
737,550
674,140
1178,542
899,700
463,116
1258,296
147,110
315,240
1140,905
38,21
210,104
1093,681
696,106
147,119
808,418
638,173
953,858
1047,1027
69,60
317,185
334,183
638,584
867,40
82,13
993,654
1160,16
1107,422
868,29
1231,945
478,443
98,47
471,58
812,446
54,21
18,9
1187,714
1278,307
1263,303
960,324
487,23
1093,794
395,140
388,72
26,19
413,141
803,571
381,45
813,481
1254,831
1198,800
359,255
621,492
688,268
516,246
140,3
1183,724
290,86
599,45
163,91
85,31
916,239
1260,566
1251,386
172,18
223,80
383,333
630,304
1074,155
89,82
122,25
742,37
564,370
22,15
357,229
351,57
148,131
465,280
1233,166
516,65
1092,370
36,16
802,534
27,19
740,67
166,59
780,538
448,29
1153,28
1003,890
962,103
993,989
624,460
402,86
589,535
1124,395
484,109
564,244
316,196
921,281
633,21
429,53
732,522
1,0
52,20
1200,1174
743,722
631,175
1157,415
978,332
887,542
202,99
1159,881
108,66
261,82
155,138
77,11
200,86
256,66
833,631
805,348
1266,34
904,290
196,21
1034,775
268,113
142,86
1124,290
1218,216
654,530
1088,731
221,21
518,304
1244,299
1122,117
1092,145
28,4
661,447
1030,520
447,21
1073,75
296,62
9,3
66,62
927,392
251,27
989,769
1105,905
302,129
862,123
823,367
425,87
1014,378
530,172
717,590
337,49
785,364
156,127
1126,177
543,417
1029,877
482,374
77,74
814,124
292,32
797,594
743,176
827,324
110,73
1248,1078
531,458
94,5
510,124
207,78
1075,403
86,36
1197,863
888,11
271,189
1147,125
952,563
469,123
875,75
466,222
802,291
536,89
270,97
350,170
1290,503
1093,711
1069,1031
276,130
583,514
407,377
65,28
1260,203
887,47
310,101
1206,528
378,136
974,127
1032,415
425,255
132,3
287,282
150,20
1083,636
727,347
251,213
128,39
816,31
635,187
1270,1043
552,10
544,181
334,211
1164,948
358,3
1007,417
101,51
1116,236
937,682
34,22
501,119
888,339
255,223
603,532
388,35
1064,16
947,477
89,26
1020,185
751,341
497,174
1156,677
1120,264
367,106
1237,524
584,194
93,58
579,297
879,125
267,13
861,383
951,843
1287,303
477,474
1162,1028
946,0
319,243
959,280
1223,334
191,160
255,242
169,9
1070,895
553,397
1145,88
499,120
85,78
1225,386
280,36
710,98
881,528
162,128
1116,873
0,0
1246,1188
280,141
442,19
1113,1044
77,0
878,113
709,120
256,12
915,19
663,68
1117,502
275,150
516,242
481,148
468,265
1173,842
707,109
1224,99
504,148
483,259
847,381
1217,1079
865,381
843,469
399,334
63,32
408,130
483,437
492,455
900,631
162,59
803,671
179,126
1011,855
1232,340
181,180
153,67
605,266
614,551
410,184
1024,644
235,101
814,415
782,428
889,329
926,343
713,287
1075,544
1026,790
28,13
373,20
873,324
1292,622
364,254
893,117
338,253
1196,579
1057,927
929,587
517,126
1179,845
233,170
1186,326
1004,837
556,514
490,92
405,77
347,311
594,61
1058,860
672,354
88,63
921,748
911,716
567,92
40,5
875,406
1164,324
499,178
833,280
536,56
456,63
214,10
115,79
146,106
133,99
293,268
328,231
739,57
470,26
1270,246
104,63
1008,220
680,630
1289,494
385,153
991,193
946,194
1046,737
1134,316
1051,294
1259,291
90,53
569,429
934,562
47,30
1169,967
170,92
520,396
1226,1050
654,204
1223,633
298,265
1241,1221
835,181
66,10
891,718
959,8
315,49
713,653
182,110
974,897
610,373
88,86
1025,976
796,307
1110,352
1106,687
244,3
985,962
543,495
657,459
902,264
32,24
136,66
1131,361
1243,668
879,871
716,109
1026,193
133,101
1282,701
329,152
648,212
237,169
613,351
205,167
1041,33
1110,864
1174,429
752,252
1157,1005
1284,947
812,137
593,186
329,54
250,34
652,224
403,157
1176,292
1133,22
712,38
337,90
301,239
922,880
880,75
260,211
299,264
938,216
588,8
178,41
338,272
1182,937
516,493
325,105
703,394
337,317
963,644
208,7
483,365
448,301
845,793
1138,455
1181,792
1057,115
282,150
1027,675
437,391
10,3
704,640
250,38
553,44
598,358
188,0
737,634
786,432
730,336
538,417
868,492
1103,663
1046,519
686,414
424,134
1102,490
96,6
115,53
834,673
105,20
462,123
724,134
1170,363
576,15
430,122
431,71
765,629
651,572
81,51
477,259
168,42
832,337
192,155
934,119
375,131
67,8
924,192
764,611
132,48
319,174
441,332
1107,666
717,358
269,157
46,23
40,32
411,381
295,104
1015,458
960,891
441,382
577,440
421,89
1035,72
57,45
31,19
1057,9
113,70
881,691
225,98
1017,644
960,485
15,9
43,40
340,111
697,445
150,84
315,256
990,665
917,480
1146,702
1070,559
1093,228
474,120
1233,347
814,159
10,8
1193,54
562,78
1248,248
757,214
1137,773
713,66
383,101
1225,908
892,799
838,685
104,4
568,442
393,106
1147,77
780,281
582,527
1098,461
808,201
67,45
32,16
390,278
797,90
1009,718
747,735
323,87
656,50
802,3
1061,174
1101,883
558,473
158,133
965,498
1096,152
475,42
1191,259
549,485
592,127
329,52
249,228
914,296
859,437
308,179
1213,0
1251,550
94,29
571,13
1098,927
630,589
860,131
677,352
792,209
461,7
1091,477
646,409
1170,187
389,288
473,288
1266,1044
1272,223
1004,954
1133,362
350,0
200,96
153,38
1204,896
795,43
261,146
831,519
692,611
628,474
641,451
962,15
495,413
477,110
1081,51
1156,774
1038,821
1157,156
560,281
1128,468
1156,179
1257,741
1217,886
266,20
1083,60
852,532
709,286
800,448
396,340
1217,326
89,62
615,535
1043,282
15,6
1123,478
472,145
206,131
700,684
314,94
270,25
793,469
616,517
912,247
305,27
1086,868
653,572
1170,89
18,18
871,746
159,3
691,403
1225,263
529,466
65,8
220,120
123,89
741,272
1168,1063
120,52
747,8
475,49
1267,118
708,90
405,102
1284,463
530,338
40,8
1028,261
851,479
604,338
788,501
264,230
97,83
616,275
522,123
715,55
368,222
381,206
1155,684
1164,1057
1066,46
124,90
211,92
1098,60
495,3
1241,522
366,115
49,0
669,265
541,505
796,711
169,116
1212,935
491,139
232,226
1031,93
1063,935
217,68
226,126
603,272
410,87
639,52
646,600
188,16
833,683
1289,1279
98,14
1029,215
188,39
1183,116
470,417
871,639
262,64
1178,96
532,349
612,533
1229,879
1195,1189
247,145
352,110
576,540
765,336
586,402
556,187
614,601
160,2
351,297
327,90
340,149
670,572
752,361
1272,200
1096,835
1235,220
360,51
277,264
1193,60
967,825
522,452
959,413
13,11
871,510
619,550
245,24
554,418
1218,750
416,254
304,54
833,116
1133,478
8,2
583,203
3,0
1213,871
964,884
173,66
820,195
483,156
1171,537
1033,88
112,75
296,76
618,279
459,133
178,144
609,492
454,333
984,969
779,157
1196,1149
364,162
766,445
120,99
524,4
1260,1203
403,63
1178,171
1215,593
216,151
457,381
590,446
303,203
181,174
774,184
733,248
60,9
686,71
480,419
121,45
638,616
1175,1070
188,86
230,107
772,688
1204,413
1176,1038
1147,801
724,641
361,263
1264,745
422,92
442,345
718,151
728,663
179,85
1192,72
1276,575
22,1
367,141
1186,493
387,308
632,285
331,34
770,28
267,223
332,211
716,634
1222,789
678,407
1162,885
1199,662
808,660
145,62
396,228
461,109
313,81
382,182
632,377
455,226
973,27
171,134
969,937
306,248
1152,748
1076,364
352,342
311,275
328,31
904,621
88,73
793,622
653,260
673,666
392,106
829,372
1116,1109
1182,394
501,94
1201,674
357,66
91,86
1270,734
809,331
44,39
674,122
132,130
1163,170
322,288
599,51
72,65
751,445
948,630
1044,908
712,170
514,131
436,326
389,85
1143,286
1251,104
735,549
458,371
1178,712
842,17
723,328
210,92
1203,203
1078,749
256,198
1105,31
1248,1190
1136,748
483,425
719,608
880,300
243,160
447,228
643,214
843,129
509,303
477,463
55,55
195,133
1206,790
917,637
801,123
716,9
202,95
1017,337
572,118
763,673
545,484
51,17
487,186
1170,489
1130,979
962,730
1269,378
97,59
1073,566
18,2
1145,608
393,337
177,135
435,216
449,402
788,115
219,75
798,256
958,572
964,830
654,60
983,607
744,654
135,33
1016,858
1092,1074
99,39
1225,967
199,61
1035,939
811,425
339,277
19,19
502,53
661,286
1040,973
327,206
654,230
832,590
762,422
309,179
148,49
1096,108
455,442
74,70
626,617
509,142
1243,1056
835,502
469,277
954,169
1270,917
1044,363
187,92
24,9
934,84
911,84
395,142
974,868
204,196
946,615
122,42
865,845
366,268
933,639
728,566
799,447
756,519
1176,401
360,8
306,32
304,50
818,166
682,579
329,12
1114,588
975,846
1249,946
739,510
1030,842
505,492
15,14
346,324
250,62
886,609
28,28
477,162
44,27
110,57
174,98
553,302
43,35
1128,1068
1140,1135
863,465
1210,244
630,509
158,12
633,98
621,106
903,272
474,41
81,76
808,359
822,740
54,35
891,847
756,182
185,86
1210,617
553,408
1270,696
40,0
129,87
297,105
464,224
933,452
374,118
212,173
504,480
1109,726
796,787
1052,348
262,42
521,3
930,284
1170,1147
853,453
421,312
144,35
581,281
608,344
426,407
117,40
874,599
610,30
303,63
109,5
1049,911
156,61
193,127
648,614
795,292
973,961
276,250
1071,583
270,251
75,63
382,194
615,105
1289,1262
832,17
683,67
975,600
241,187
119,88
361,208
18,10
1258,1073
509,500
597,356
451,212
439,235
1024,954
581,173
512,444
32,26
65,33
248,212
214,92
1100,681
408,62
788,150
384,147
1015,920
138,19
1099,483
254,45
46,38
469,390
892,780
973,25
478,328
216,12
603,231
975,178
290,269
655,290
224,170
124,88
620,179
674,94
621,324
1027,494
1145,669
898,161
223,27
840,364
1190,349
299,28
113,47
953,927
190,146
1291,504
764,110
410,216
1214,1028
1169,332
259,257
842,522
434,290
769,634
612,576
488,212
609,609
827,62
1007,687
188,53
810,466
446,232
779,298
1048,544
153,9
389,289
847,527
836,90
1099,32
368,9
887,469
626,403
35,28
1148,318
1061,763
172,80
967,739
381,71
947,0
1100,993
177,79
902,12
488,418
402,2
392,195
1265,1189
87,47
289,13
787,186
761,640
486,157
158,104
170,36
1079,89
1056,75
13,13
756,753
507,366
245,71
881,388
566,19
1168,261
205,80
174,134
579,43
1057,242
380,377
879,856
711,437
577,145
1145,221
1127,289
1202,388
1096,687
832,75
1097,957
695,474
42,3
733,32
305,52
895,309
365,74
1097,999
1154,750
852,474
508,352
317,23
1180,813
655,180
1209,762
679,14
197,16
408,247
106,55
137,97
635,587
168,53
185,3
554,110
72,25
11,6
349,308
267,229
668,465
1005,139
1074,486
486,285
1121,820
809,358
493,93
505,417
1154,11
947,39
679,257
14,2
818,100
1086,662
645,26
693,174
1106,409
1202,1080
441,432
449,174
1072,47
137,115
672,169
530,520
760,227
619,215
1173,12
618,119
1240,572
397,109
1006,501
78,36
399,132
1037,317
642,603
17,15
903,385
1102,918
955,807
480,361
1126,764
349,178
249,75
1090,970
1260,71
59,33
1214,1118
954,871
16,13
468,59
229,79
314,82
1062,872
902,83
139,48
1202,336
156,104
220,215
417,27
484,260
1230,172
701,395
1196,440
641,617
841,646
251,55
36,8
514,265
408,150
1119,424
1059,585
728,349
94,8
786,533
84,42
860,362
12,3
576,561
206,93
1087,156
1084,533
435,146
901,254
70,69
140,112
503,175
922,746
111,77
830,162
334,29
32,29
525,343
467,78
579,397
287,75
1205,62
371,83
24,12
773,137
651,150
602,284
622,292
822,683
471,264
515,271
1140,286
594,122
1052,859
344,147
137,14
6,2
1183,713
314,40
237,6
880,224
871,91
216,202
786,247
117,35
354,338
639,152
482,458
698,336
138,10
570,355
181,8
202,193
1136,435
6,3
150,91
543,6
1225,969
180,8
894,794
437,108
610,513
142,67
967,375
593,376
705,196
909,215
325,30
847,44
114,3
177,125
1076,876
436,248
1057,41
995,441
324,168
769,260
60,54
346,196
532,452
355,200
950,575
1024,172
506,142
183,110
909,314
668,543
39,33
105,91
791,673
20,20
330,38
1257,1117
432,161
810,748
729,514
516,77
1012,862
1144,936
814,190
1269,442
606,328
1212,784
1269,998
1058,384
225,154
231,195
343,146
343,28
319,27
274,110
1114,810
254,249
1283,455
688,609
460,201
665,390
1228,492
305,260
993,954
403,29
27,21
1094,675
1079,852
398,395
796,148
1197,1008
572,474
906,552
611,254
871,387
379,377
285,222
316,315
736,498
207,24
828,119
329,229
626,350
629,255
1217,655
556,479
448,409
1191,321
271,172
37,0
581,29
1261,1032
130,7
870,17
1082,275
516,210
1284,1201
65,30
1226,271
541,155
790,268
953,856
13,0
813,605
979,344
350,148
598,184
1194,660
1201,1154
562,406
419,277
826,547
1243,1036
440,238
375,290
127,97
797,601
1106,495
462,158
310,186
686,292
170,51
1184,284
726,131
1212,1068
753,620
360,84
885,831
334,275
272,10
737,476
13,1
197,119
1165,442
1251,446
220,74
770,380
333,146
513,164
752,717
320,292
280,78
1199,632
290,271
142,83
836,153
421,387
1121,45
54,49
78,27
530,468
177,23
823,739
362,238
505,160
1264,1063
966,59
1050,443
601,476
1230,863
1186,446
1227,450
1016,37
1145,28
258,62
1047,514
719,641
297,38
102,61
297,190
389,280
513,268
355,58
430,160
1125,27
1081,979
622,258
129,80
410,145
222,71
876,305
229,20
1184,1023
531,457
436,59
758,75
1171,988
835,580
480,468
1083,547
1009,205
297,234
1028,139
599,498
74,34
573,0
47,23
667,644
626,93
1141,769
215,133
946,409
1127,186
668,617
593,391
1118,1112
516,486
761,73
424,414
535,269
374,6
1214,696
482,72
373,14
989,36
477,203
345,322
728,229
234,4
190,30
139,14
18,15
408,97
410,20
155,126
587,59
1276,637
1089,379
1130,324
406,313
57,46
303,246
569,261
250,143
936,586
696,438
53,34
1119,177
990,588
1057,715
224,177
1130,337
877,687
335,172
663,98
985,494
1145,505
715,25
744,237
1250,497
1236,103
956,41
214,35
177,122
1266,925
533,321
205,101
177,92
1142,714
1260,77
383,247
985,299
562,355
960,63
630,226
1187,524
414,68
660,634
1039,1033
133,13
503,370
495,325
188,23
1213,354
753,745
6,0
1185,675
507,271
547,94
118,110
1004,23
1032,606
965,508
480,63
147,82
667,441
1191,299
1007,809
1039,70
901,293
518,420
315,252
523,5
1207,210
420,284
510,351
646,496
403,401
324,292
884,245
855,372
277,121
835,824
177,80
539,89
1176,938
80,18
994,662
406,249
825,154
1191,510
220,142
104,53
75,75
339,229
76,17
503,103
65,55
1012,51
1291,1173
1233,201
325,16
538,464
253,105
353,167
820,520
125,12
824,607
800,309
612,128
447,160
1107,24
115,66
846,626
744,131
181,90
565,356
228,123
496,58
129,119
932,185
102,56
769,441
812,604
159,101
583,171
951,799
1066,808
299,143
768,55
705,585
1025,403
97,55
1052,380
841,563
935,39
729,86
687,415
619,186
308,94
383,300
870,611
1064,669
997,735
845,68
64,24
566,538
330,77
662,306
1057,968
899,324
498,473
651,508
1040,733
145,117
976,728
202,86
59,37
1126,565
813,771
465,41
1028,236
600,573
353,249
431,361
602,203
234,228
1243,456
1239,503
408,244
146,71
251,163
230,111
742,700
265,153
648,463
50,24
788,182
30,20
1274,1042
98,41
1285,877
468,275
197,193
1013,753
448,295
1143,1048
428,275
100,15
502,338
241,226
1094,598
788,308
961,799
191,77
569,95
945,283
609,519
612,422
1291,302
1006,728
784,505
1113,2
992,827
1126,1085
354,154
124,101
1000,178
71,48
963,277
1112,333
921,239
486,73
399,227
271,37
884,135
358,157
1022,164
827,377
94,40
302,53
1174,764
609,256
326,36
222,26
375,331
1205,797
1142,992
686,226
945,321
84,29
579,515
545,68
208,193
533,173
82,75
209,125
223,82
248,38
1266,615
1033,604
404,145
1006,17
651,68
219,218
420,100
296,164
489,145
763,658
1241,184
1189,578
495,138
745,139
1275,390
1173,807
1272,34
444,355
447,325
400,310
490,482
606,124
563,316
1077,325
563,501
875,330
867,413
1046,591
995,963
1260,632
633,453
441,19
402,236
1028,580
794,592
969,374
390,123
51,20
8,0
457,327
1243,286
596,85
1183,718
910,213
1006,115
1122,799
446,105
344,322
811,720
841,729
821,191
767,535
91,87
1084,268
682,123
1088,367
159,0
519,378
589,507
1257,173
795,580
514,91
655,63
50,36
63,58
594,465
787,22
857,794
817,479
881,841
508,336
730,695
564,477
193,167
246,227
135,56
679,52
629,376
910,523
1013,92
374,181
970,966
663,99
710,221
949,2
709,431
564,47
797,209
194,113
648,414
660,506
1090,1
982,549
1161,841
962,157
753,388
1070,1013
749,406
1252,597
179,109
488,52
1197,923
799,773
109,70
825,132
215,114
918,489
1292,767
356,348
1173,1082
739,88
786,660
617,382
206,77
208,147
406,260
317,49
335,95
786,148
1024,166
744,106
972,177
301,266
1003,499
851,466
566,339
754,98
395,336
124,111
230,207
396,54
878,837
784,158
272,70
792,665
870,277
70,6
221,26
875,621
304,129
517,399
1284,3
51,2
626,271
223,36
313,90
764,757
221,210
111,34
1273,1245
633,615
1178,850
448,246
904,422
339,143
829,408
180,131
475,280
1208,983
504,102
23,3
428,16
148,37
1237,305
839,389
559,554
824,491
711,91
418,148
87,67
253,123
564,436
700,553
781,226
224,122
1034,977
660,191
1058,84
656,286
2,2
1139,889
656,405
886,40
451,221
966,91
953,503
166,121
952,14
1130,591
156,50
363,166
915,631
466,383
1196,603
1088,198
523,48
1141,1096
339,200
442,355
75,28
183,75
381,213
1041,870
1187,119
1116,23
1027,175
28,24
777,152
395,365
407,238
285,205
663,248
444,281
1178,287
107,59
553,74
299,173
1215,866
672,101
883,438
1061,94
846,369
1191,376
442,33
1163,898
874,584
485,184
511,225
964,453
263,167
1097,50
1207,470
596,87
544,2
319,121
154,141
444,291
1097,601
323,58
749,471
505,319
465,10
428,125
826,42
920,120
235,189
1225,197
620,567
294,137
560,439
473,451
167,53
32,22
420,43
872,681
660,394
910,86
1278,272
1219,349
919,521
564,168
529,481
1076,1004
868,17
687,244
785,419
1087,1086
979,357
998,796
287,146
503,238
957,414
229,143
596,340
482,327
1037,554
129,32
544,207
389,160
102,97
713,188
571,305
368,190
495,320
611,516
1151,1040
1171,517
245,207
425,404
64,14
279,250
449,323
496,274
1181,642
706,39
616,171
215,140
336,1
907,353
145,7
660,430
1206,354
955,334
817,149
251,28
995,89
678,218
1081,248
426,64
801,58
262,207
167,96
378,285
826,227
1061,320
1068,937
1114,1090
845,67
924,313
469,269
1066,86
681,242
136,54
331,307
1219,1014
1053,727
401,363
865,283
1006,72
1258,680
58,57
1255,68
638,467
578,497
59,47
1095,1039
220,141
134,32
1009,530
394,119
920,178
35,24
492,195
322,124
400,276
279,180
478,74
1121,700
529,429
284,166
586,563
55,26
916,867
266,100
665,366
931,576
27,20
1093,1055
992,803
83,31
1212,165
283,28
973,68
1291,1161
805,226
1064,829
803,321
1173,167
1197,539
1194,393
1032,610
1288,270
856,836
291,233
1239,689
1228,1174
952,562
426,132
80,52
382,204
833,165
319,96
686,44
67,21
299,121
1224,11
496,361
839,181
194,17
204,178
1039,509
1127,94
336,57
884,219
213,11
390,121
432,429
283,155
919,547
569,442
48,33
509,121
55,18
183,81
375,13
405,177
162,78
1077,808
821,561
109,39
123,103
296,279
116,57
619,587
517,511
950,97
404,128
332,170
130,47
873,323
329,141
684,503
506,298
342,50
392,24
176,132
246,94
22,7
1085,964
582,367
595,179
700,200
1180,1132
905,501
1241,1078
192,78
489,122
238,45
1269,491
1093,150
946,73
1093,856
844,742
270,184
322,72
1004,169
361,335
258,5
559,257
881,40
499,39
538,186
887,765
956,22
143,137
1273,599
458,116
239,8
565,426
1181,32
111,106
1169,764
586,578
173,89
637,456
140,74
299,126
805,41
253,99
396,277
350,164
891,474
23,1
1092,873
529,13
295,64
269,219
834,72
119,85
672,515
957,32
975,902
679,388
888,634
953,313
362,329
614,16
669,557
293,212
660,30
200,51
1274,220
925,215
93,85
529,404
1175,613
101,90
360,117
604,69
181,138
885,36
565,42
242,127
1283,469
973,57
1260,657
645,454
630,72
1076,760
81,42
1068,686
108,5
857,106
584,53
517,153
328,6
592,51
1062,721
193,35
1218,933
579,256
601,337
310,185
1048,497
245,221
746,353
770,80
622,619
883,591
824,64
579,199
175,104
894,658
503,1
288,176
195,121
665,112
1027,344
55,45
163,17
670,263
571,453
1012,270
1002,848
977,809
327,28
581,144
1013,657
39,8
776,116
880,789
160,108
503,409
656,611
868,674
720,61
355,135
105,100
822,724
645,378
43,0
653,398
373,190
69,22
911,137
649,179
186,101
1217,355
1152,868
199,10
770,635
132,35
265,123
1175,434
1002,708
446,406
536,95
225,215
118,26
773,81
450,248
1135,329
408,350
813,63
478,154
623,11
1202,601
696,10
1268,1110
829,160
1121,300
1113,84
748,520
663,51
779,23
546,90
530,192
824,371
1129,312
1184,82
361,182
1219,332
913,68
705,106
895,488
1070,356
960,822
1012,140
14,10
565,390
474,319
509,442
154,81
1243,991
1008,245
96,83
1061,951
1142,83
788,222
1027,459
766,381
583,12
12,12
135,16
1051,208
1055,747
872,489
303,83
750,656
287,185
965,697
43,3
390,263
931,73
1044,837
802,361
1017,125
38,5
1254,19
668,547
165,99
249,181
690,530
1063,1058
869,584
958,695
149,112
148,103
1031,336
270,188
182,98
855,712
330,100
591,258
647,99
822,392
241,216
655,229
365,239
825,164
85,49
1158,1127
551,238
319,105
896,653
84,79
634,15
998,693
972,82
182,146
322,298
536,231
859,0
236,30
1086,653
1230,357
206,62
341,106
1245,464
1034,758
1181,922
1266,504
908,455
499,159
782,699
1166,780
938,188
611,360
652,434
702,215
730,683
318,63
939,856
1099,913
1113,697
1044,1035
848,180
762,339
131,21
353,147
61,31
315,18
1111,504
1202,957
343,307
1144,466
916,52
332,249
246,168
787,351
579,374
1036,874
457,59
1039,394
508,401
1139,677
720,143
1288,1213
1270,841
569,252
582,218
559,520
4,3
205,145
618,464
1080,659
674,416
913,867
852,779
1283,191
214,140
833,244
825,245
128,14
517,429
757,77
335,69
724,391
1114,668
911,157
193,116
143,74
488,160
683,518
840,822
331,92
505,456
87,43
1146,238
1088,872
1102,680
993,727
1198,755
142,142
707,317
819,220
370,283
341,83
64,7
948,915
436,261
819,397
142,34
752,688
919,441
388,279
499,487
1214,893
253,168
1256,941
167,101
492,384
744,676
260,31
803,738
348,259
713,481
219,2
1005,485
480,436
947,664
156,90
1015,330
294,7
661,406
871,62
123,41
48,46
468,468
810,677
460,35
1215,385
1138,36
580,52
1143,14
82,6
290,280
119,36
59,7
254,186
1102,770
833,80
414,11
348,256
977,827
1244,1022
559,475
599,43
70,24
450,369
291,150
959,141
946,385
452,380
97,54
449,428
937,132
501,76
10,2
212,193
315,71
135,70
134,21
492,446
1107,851
225,13
1268,13
790,475
1121,795
319,232
849,641
816,14
534,508
818,326
853,420
557,265
955,771
821,713
1177,277
83,6
432,365
1057,255
898,689
744,218
896,63
1143,337
972,81
466,421
94,48
1008,751
48,39
355,327
511,189
649,396
378,125
164,128
60,55
1144,1135
834,98
282,173
1249,832
1112,559
594,344
119,89
1202,15
1248,24
409,299
182,126
1246,1229
1271,967
894,32
737,94
346,334
486,168
420,214
835,757
706,540
162,105
818,24
894,845
320,193
745,283
996,30
697,116
31,2
117,92
950,255
622,461
85,0
650,542
1275,929
727,275
351,221
762,60
1247,872
162,71
120,32
39,13
7,2
937,896
988,244
393,25
726,227
212,9
495,245
566,409
374,51
1202,98
232,36
761,367
825,665
901,54
135,85
262,140
245,222
1107,97
1061,650
725,404
393,22
198,145
473,388
1028,873
818,409
165,34
19,12
1254,1189
765,568
1156,414
883,53
250,139
1078,609
342,217
400,399
82,64
891,724
761,129
644,121
858,236
1062,218
19,2
628,18
102,69
94,55
722,374
282,23
854,475
399,390
809,387
752,105
43,36
1238,329
1151,641
129,50
256,7
214,99
37,25
962,768
1270,266
1177,132
1245,1243
1230,899
380,250
511,336
1049,809
278,275
1288,951
891,324
751,419
818,309
67,44
624,537
907,196
71,26
536,82
1146,1143
1289,365
1000,718
939,770
262,7
1082,856
407,252
836,436
552,307
513,57
851,705
323,216
288,203
896,894
829,768
120,86
567,122
305,261
868,579
364,187
457,451
448,274
822,280
436,174
199,38
868,462
578,259
320,312
1244,154
242,104
255,134
328,83
702,411
875,300
573,419
521,514
41,11
817,620
317,140
1115,196
133,82
30,7
1269,381
1091,353
615,506
1012,833
224,102
1065,2
1076,1059
145,35
849,35
376,107
206,139
1141,788
1256,99
417,135
674,333
613,358
335,203
581,565
634,359
972,657
195,47
427,6
6,4
1041,581
1212,1032
785,507
589,199
940,171
1079,1034
516,62
252,71
489,18
519,134
1155,76
1149,305
907,248
830,422
922,794
77,13
120,68
765,707
784,562
868,574
803,234
160,115
464,356
432,279
889,591
100,99
1174,42
312,184
767,111
659,456
1243,911
238,222
1162,51
1172,773
132,75
636,347
568,373
261,63
773,711
1016,844
406,123
1030,594
676,339
1113,1058
30,2
462,405
931,620
570,274
806,490
685,679
342,298
722,94
519,412
814,628
451,329
303,31
709,105
1131,42
302,55
755,408
182,16
465,42
787,127
773,143
533,319
397,395
580,341
927,388
489,142
896,301
473,266
590,516
143,16
1140,1116
177,119
752,297
119,99
632,209
807,651
1043,307
888,799
820,789
129,29
321,66
128,25
262,47
502,295
908,172
365,183
90,43
454,439
1128,215
998,477
1085,697
865,423
1260,558
700,450
1029,929
824,337
355,25
1156,897
911,576
1220,1028
412,153
563,429
778,356
980,195
1010,24
362,193
394,277
729,20
536,19
660,613
409,245
817,768
1113,19
79,65
893,76
661,426
429,92
1246,26
110,97
1099,138
1151,975
1162,378
122,103
896,41
926,697
598,560
424,119
1271,518
201,74
167,9
737,644
1201,272
274,202
1202,619
1225,827
1212,657
1206,845
622,534
763,137
258,244
200,71
899,501
1092,365
186,33
392,348
198,116
1120,440
62,14
939,350
421,396
506,196
864,557
587,333
1114,458
398,349
59,22
396,322
1244,809
770,438
22,14
349,235
347,102
537,501
1066,264
697,248
367,6
129,86
1132,465
869,752
65,18
1219,858
783,65
951,940
409,113
1260,28
152,97
145,133
783,233
513,118
597,293
226,213
890,215
824,471
390,52
1243,225
445,98
677,355
1191,312
1142,615
289,272
1020,501
1259,779
1174,590
1049,566
222,141
801,490
1011,554
19,14
774,483
807,210
657,223
813,560
549,331
1005,34
380,246
377,280
546,523
660,543
285,252
186,73
989,962
959,95
228,104
1135,504
871,320
465,219
1005,399
268,192
249,170
161,78
73,28
1118,900
908,379
1099,920
475,283
834,570
63,57
893,103
1010,368
256,167
347,247
326,233
941,766
1024,73
1109,121
252,122
279,122
1001,160
301,194
553,56
1222,964
881,263
446,373
298,167
1090,433
1122,721
313,31
551,147
904,435
557,288
131,50
105,96
656,378
1230,1151
1054,577
1292,1031
637,317
1068,1046
919,550
1096,1008
526,425
1248,791
1209,822
300,63
39,38
462,361
950,369
748,312
837,77
306,14
705,347
1230,670
609,75
1192,123
802,774
274,63
725,546
366,4
1256,761
900,438
867,444
494,330
563,433
790,496
828,219
201,97
1201,127
880,56
347,317
705,111
1091,246
689,454
919,613
496,490
516,199
415,102
563,436
771,399
676,521
976,195
299,107
135,91
187,161
1212,996
424,313
149,144
905,425
885,527
337,84
130,50
879,606
453,333
579,439
841,707
51,29
673,590
1018,920
978,485
1043,928
1265,1009
740,266
451,279
196,151
672,86
1084,134
1076,1057
422,331
461,26
613,353
366,345
15,12
1125,412
161,57
875,210
866,564
306,94
166,11
57,20
1220,616
286,187
122,59
1262,515
23,18
769,744
641,212
1119,579
310,182
579,408
637,545
407,177
226,38
894,709
1215,578
1053,625
1207,1046
245,102
387,190
1247,1143
945,718
169,81
64,39
726,145
717,288
177,10
127,12
141,53
1037,30
537,460
1062,812
648,69
358,255
649,178
1216,720
885,317
468,145
915,496
1177,388
166,137
230,69
361,215
388,296
182,160
1241,612
86,81
361,89
502,271
513,5
447,367
1227,957
129,51
508,47
632,223
1205,311
816,135
691,420
1282,630
581,182
433,406
1070,882
71,70
1206,560
316,229
813,455
1098,579
844,482
205,191
1272,1204
150,139
253,170
982,792
228,4
330,87
1232,487
152,31
1054,706
1281,219
1092,1017
658,18
1187,568
497,84
699,405
869,531
526,219
988,315
33,23
715,681
1284,1230
42,18
1088,1018
821,461
859,36
206,97
970,175
1124,363
214,204
177,105
693,299
282,72
757,388
939,898
1236,1016
480,128
1069,28
513,289
87,23
1030,301
13,7
1123,138
35,17
686,122
245,15
496,141
722,143
334,234
885,729
885,210
1190,28
535,22
510,261
537,298
183,121
547,47
141,138
1146,68
465,317
374,201
573,333
968,427
641,604
343,192
256,62
840,43
1003,680
770,548
1031,763
1065,461
934,499
635,330
849,312
1083,890
121,105
174,140
1148,622
547,448
920,889
912,620
146,90
978,542
1180,902
290,106
138,125
280,44
45,34
1143,406
209,136
1241,885
720,602
1035,88
1107,1086
181,176
989,161
841,580
1019,519
679,81
548,88
458,30
352,225
1087,1
1249,91
263,32
811,192
428,291
128,66
94,81
49,24
1156,909
1063,882
888,183
389,290
1085,88
639,582
976,836
950,829
745,471
1022,490
850,388
751,567
517,156
519,59
1089,865
904,871
72,17
727,292
1124,869
543,355
830,300
669,455
516,496
143,125
691,139
1156,869
1158,818
1221,831
627,381
848,762
895,119
1185,886
738,495
1151,187
1019,903
367,209
871,716
136,116
1174,793
104,40
751,590
550,474
527,153
1189,177
562,149
86,41
1267,980
852,596
1154,432
185,125
540,349
879,545
107,96
98,77
1238,21
1081,361
956,472
405,126
557,455
268,231
635,243
816,623
148,56
1110,978
1186,295
1007,637
286,124
285,152
905,420
459,295
902,216
331,72
122,44
1008,22
212,177
1176,1155
1166,938
842,825
842,804
422,33
516,438
549,158
863,247
1042,806
1198,618
320,131
912,520
590,73
867,20
1289,255
393,306
377,88
854,574
612,416
1239,76
184,96
444,399
844,7
663,559
1003,535
1185,4
292,287
1225,839
1080,730
507,285
796,534
653,639
1003,446
589,554
1195,682
626,557
903,692
1060,500
1257,1253
1135,1086
1231,173
1205,172
937,138
1159,305
1029,871
450,126
177,176
351,99
355,110
1134,1032
1122,964
320,285
331,266
741,730
1000,885
1188,864
575,33
159,2
781,678
627,506
223,173
910,103
681,50
835,688
1068,402
632,107
314,42
1214,688
1034,518
1122,1044
190,94
301,42
34,4
1019,262
406,125
758,90
886,817
1123,770
1014,998
253,40
201,38
854,736
19,4
708,579
224,131
790,336
113,111
586,347
978,701
1056,242
717,72
951,494
693,683
174,76
1183,839
778,375
1152,1019
62,44
35,34
414,57
826,654
697,410
869,50
509,134
712,299
1250,447
471,463
860,644
983,361
922,660
544,184
690,94
976,586
305,104
319,257
1148,682
864,81
1198,18
176,68
1011,329
479,28
505,112
499,466
610,367
1002,174
5,2
1143,752
989,799
354,329
600,426
57,13
1264,990
148,30
312,210
1021,188
1221,730
412,17
838,794
864,623
895,843
63,44
1281,367
982,969
291,82
675,91
1176,950
325,285
863,33
677,341
645,125
28,9
1136,602
326,189
534,520
616,1
157,136
537,152
643,562
440,257
108,108
709,391
534,221
57,36
1148,1037
29,7
645,439
364,312
1254,1032
140,14
1240,304
1001,213
1173,481
661,495
379,357
938,744
1214,656
331,137
275,271
310,193
275,184
654,210
776,337
636,283
597,144
1100,955
27,12
756,220
629,138
451,284
386,270
1234,533
897,578
1260,536
94,16
601,299
946,143
449,37
182,133
846,217
183,118
302,228
571,378
904,368
933,133
715,130
855,357
377,199
1091,683
550,14
1247,890
114,63
119,94
876,585
451,209
243,106
532,472
243,74
839,157
922,339
300,44
497,435
899,872
634,86
705,282
648,104
886,135
827,486
352,97
1238,560
1270,397
28,8
650,599
296,115
408,8
486,251
214,214
900,37
393,239
310,86
719,513
749,416
757,386
154,140
744,39
1107,297
35,25
989,926
163,26
327,121
563,543
363,78
204,67
234,213
915,821
130,106
1265,1079
247,53
1181,701
845,603
1021,181
853,49
662,571
723,3
984,324
425,164
271,216
965,9
875,322
201,100
950,209
1223,1158
924,481
275,79
122,41
34,10
1159,30
1247,487
145,99
484,69
329,221
291,244
803,526
1292,107
1262,1120
575,448
336,94
423,152
620,50
1056,836
523,381
1019,401
489,9
1262,524
46,27
818,277
738,661
467,352
559,232
784,408
1127,543
701,551
352,286
824,462
1229,320
191,29
425,291
224,4
701,32
290,164
1289,702
142,24
585,278
99,6
518,320
742,422
373,192
1221,610
1084,410
819,755
596,587
236,122
953,509
959,903
1039,454
315,293
199,103
963,261
398,213
271,233
161,58
646,4
221,181
1013,190
472,363
41,12
606,332
874,71
366,153
195,126
88,36
376,169
229,229
974,502
664,416
447,442
437,412
496,414
108,73
206,153
233,71
663,578
899,341
982,908
707,149
167,160
741,83
8,6
346,58
1080,1052
496,186
112,23
1251,843
1067,602
1030,884
730,489
699,601
1128,729
795,642
1143,1079
450,328
308,292
200,48
414,370
385,323
1203,757
888,251
413,145
340,331
136,100
998,336
871,236
868,55
802,530
72,20
557,78
427,158
1082,672
141,59
1032,211
882,79
739,728
406,327
862,752
550,25
1212,965
501,475
648,285
895,46
51,45
400,0
611,349
208,91
1113,895
194,119
537,310
973,923
466,104
122,99
1202,938
81,64
395,24
802,50
610,336
1183,994
1028,628
1217,874
1054,848
473,23
361,44
1212,558
435,213
341,237
126,121
301,22
915,167
250,166
348,26
1263,145
762,132
231,121
725,609
56,23
755,26
230,135
55,14
178,43
823,595
142,31
644,300
542,83
129,49
1268,1034
939,582
1170,352
593,240
1094,218
983,301
471,98
317,196
400,78
627,627
455,56
1061,338
1279,1102
492,346
842,532
884,326
1211,597
150,13
937,382
1202,266
990,389
1007,439
1184,560
1146,587
135,34
1002,129
910,395
140,52
1076,72
624,548
1157,437
