1271,410
631,64
1274,366
794,410
716,420
885,416
562,77
1077,275
630,59
900,332
928,336
711,59
788,63
1283,421
553,395
923,332
1096,59
826,400
641,305
521,421
555,336
1015,255
496,333
620,63
630,138
687,84
1035,59
1206,398
1024,250
897,366
699,261
520,332
496,420
681,387
987,63
677,421
542,400
699,253
619,95
624,398
966,255
1206,336
577,255
1239,333
674,276
577,59
703,242
515,400
614,336
1081,225
879,333
1244,95
684,400
501,95
705,49
1008,410
1203,59
654,306
630,157
565,32
471,400
597,255
1206,421
1063,380
674,94
1024,350
488,312
503,158
716,84
769,49
1024,373
1285,275
830,49
530,32
786,59
962,49
742,336
1050,6
513,400
882,157
808,413
832,420
631,398
562,295
528,95
867,49
1254,333
517,94
1103,275
870,400
1204,63
810,332
1026,59
821,336
677,49
648,400
707,95
562,158
1148,138
1003,49
782,59
674,349
837,420
674,243
539,59
541,49
956,332
736,336
699,84
765,66
595,95
482,255
432,421
823,157
935,400
571,255
689,223
1070,32
1145,398
1083,89
1030,6
907,95
1201,333
1043,275
1151,332
496,410
1224,66
714,95
1262,411
543,137
804,410
1040,59
643,275
1244,421
519,32
1158,158
1148,120
697,94
1132,162
875,32
896,49
1173,59
1184,410
553,69
553,255
705,59
626,94
913,336
825,59
705,421
846,63
790,421
1200,253
599,138
701,188
1034,420
550,59
1237,63
444,32
1219,59
751,336
674,95
443,32
1130,303
794,138
898,185
562,69
552,308
1140,158
810,253
900,95
695,49
517,333
639,147
954,413
1045,59
697,32
701,158
1238,332
818,59
1082,59
946,333
1252,6
478,400
674,308
919,214
1252,333
498,59
926,59
931,333
929,420
822,158
524,138
729,336
1236,49
1115,366
1084,49
1095,398
1026,49
1107,420
1191,59
474,94
1082,421
1240,95
714,420
612,398
1096,332
1201,255
1126,263
1095,336
1060,59
1055,420
1137,367
674,333
1292,6
707,49
1205,255
717,32
874,336
519,49
1284,49
843,366
697,398
846,400
714,421
957,421
848,95
642,305
716,410
666,420
618,333
666,332
677,275
894,137
826,95
1072,63
540,332
541,420
716,64
1208,158
597,95
897,413
1088,400
802,59
589,49
983,95
774,95
1219,398
1087,421
500,332
612,59
625,63
822,95
1148,335
560,333
1112,366
692,251
1252,366
820,66
1274,336
552,333
894,32
479,255
1259,59
674,323
697,305
497,157
460,32
813,333
700,59
654,266
865,333
631,333
1219,95
1285,66
1224,275
590,236
794,420
552,66
699,316
1231,95
521,63
686,6
1081,305
1256,129
666,158
972,95
1055,255
844,6
711,242
1224,366
543,400
885,95
1087,400
1256,413
858,49
772,49
1081,306
577,421
1262,379
674,100
1262,398
652,95
1112,420
920,49
554,32
889,32
434,306
1103,66
621,421
1168,332
471,49
641,69
618,385
518,158
526,49
886,66
657,63
1214,255
1062,59
982,49
674,6
507,63
809,421
618,421
814,400
1254,49
1112,69
699,138
466,32
582,59
770,138
654,157
1117,308
1245,64
1019,158
1001,255
494,400
1103,413
1013,115
810,6
585,66
1069,63
926,400
923,95
692,285
1108,49
553,332
1013,377
575,59
1262,138
812,400
1037,95
1217,416
535,32
501,49
642,32
578,43
1006,255
1002,59
686,416
598,366
938,322
604,158
707,410
1206,158
474,59
707,336
1013,366
438,95
512,359
543,49
674,34
521,420
796,333
1256,366
1082,84
622,63
475,59
1214,400
653,420
588,32
1209,63
1013,350
1148,275
932,421
1123,308
1199,306
674,350
519,333
1274,333
1134,366
962,255
545,157
713,400
1150,306
1031,49
883,157
717,285
513,133
687,398
1178,400
1262,6
1285,420
718,366
686,366
1239,400
1145,49
1037,332
631,379
1205,332
1201,366
1206,95
1110,88
589,158
804,117
697,400
1239,95
1156,59
1041,400
853,6
542,63
620,265
774,6
797,32
474,398
1213,366
588,281
717,412
1013,189
1231,49
543,255
581,332
1281,66
1244,325
674,306
1285,94
1215,63
674,274
804,387
701,336
1095,158
1079,158
1127,138
912,49
601,420
438,336
1046,253
589,333
847,366
1138,366
699,361
1145,366
834,333
490,32
1269,59
928,157
1135,49
757,336
1285,398
570,185
1024,63
1082,63
934,59
1138,32
992,400
1206,400
674,421
643,316
496,379
559,410
455,253
1290,129
1162,380
1091,183
674,129
819,94
1228,150
590,332
927,94
908,410
653,95
698,416
1232,366
1201,138
646,366
884,49
482,32
473,400
432,308
1038,421
1273,400
563,6
1052,66
674,237
676,255
873,400
1191,421
570,410
1078,59
1044,333
1148,260
677,138
1271,400
1148,32
562,274
1274,158
634,59
772,327
1010,336
866,364
1119,306
1204,66
1138,63
940,59
566,6
687,253
628,332
1095,59
479,59
1188,253
474,421
705,66
872,410
1215,59
636,333
1254,63
1205,157
546,158
1030,137
1202,95
629,255
806,420
1284,59
1017,59
1024,253
520,387
607,199
1036,94
642,95
447,32
701,308
1257,63
552,416
470,64
1084,64
705,255
992,332
1083,120
854,95
654,398
924,94
885,332
592,336
627,63
496,237
707,275
1148,306
726,336
1077,108
961,420
674,88
665,188
716,306
724,398
1225,129
1210,366
1257,157
1042,332
597,63
1200,94
1264,421
1285,49
1274,408
962,94
996,49
1013,32
941,59
436,64
1210,59
1243,400
1118,421
818,400
774,398
838,400
1073,158
496,6
562,413
699,379
550,212
848,421
907,158
551,410
483,32
1148,129
1245,158
1103,263
654,253
767,336
1209,158
926,95
1030,235
765,49
601,59
1262,253
954,94
1148,91
674,119
825,32
1137,284
540,400
791,59
1083,117
1185,137
1262,64
674,179
441,400
885,59
654,413
654,416
880,49
971,64
1077,63
866,332
1126,400
631,400
917,63
1071,63
1008,185
1262,275
720,6
825,66
680,32
1116,63
654,223
933,95
1077,49
504,332
1211,255
947,225
570,284
1257,336
779,95
1115,400
897,95
847,336
961,95
1203,95
1123,59
1024,379
488,333
527,366
699,151
518,94
1215,421
1285,244
663,420
718,63
674,429
938,64
1077,1
1220,284
1209,400
1256,63
1148,158
820,95
1212,49
1107,63
548,95
1066,332
1210,225
1041,420
1113,336
1084,255
828,332
823,400
1135,421
590,59
567,95
1229,95
496,150
523,400
974,332
1244,333
1083,297
1071,66
555,152
1262,129
697,336
567,400
666,421
1205,413
908,66
627,49
592,158
924,95
553,63
1103,419
1250,366
528,63
638,147
1143,413
824,64
1252,421
592,9
954,158
842,398
829,333
570,274
605,59
1024,187
1041,138
1013,410
697,6
699,306
666,59
1064,63
1269,6
621,400
678,95
602,32
534,59
570,429
894,94
454,32
1289,95
1037,308
902,59
688,223
697,63
1209,398
701,6
918,63
1274,144
931,49
1159,400
552,305
786,63
627,267
1077,129
781,398
885,306
1007,275
674,336
1071,49
502,420
1212,366
789,95
1212,6
438,420
687,129
674,309
551,332
682,157
822,316
589,332
654,129
920,95
599,336
536,32
592,312
1123,400
519,400
673,429
1079,49
576,66
783,420
819,95
648,332
433,95
1262,336
489,32
884,333
1095,420
1024,138
585,400
510,174
1012,400
767,284
1256,84
923,66
1043,255
674,395
1201,276
700,6
714,253
1201,63
514,95
1013,316
609,306
642,410
1024,240
686,411
570,6
658,59
1122,364
1032,261
471,66
1274,379
517,158
517,255
1103,379
812,63
1262,158
1262,420
1013,398
921,316
557,59
677,63
667,59
573,420
708,157
1256,306
1077,235
652,63
1206,332
1077,284
1079,400
881,59
954,138
585,63
436,63
1218,49
823,59
548,410
601,223
543,66
560,100
645,400
570,150
1154,32
473,49
827,94
825,336
1274,420
613,400
1033,299
959,63
845,49
1024,327
1117,366
496,421
674,352
654,260
1096,63
569,64
1111,63
599,400
631,421
521,366
783,366
464,59
1148,49
552,59
1024,349
461,32
1201,158
865,6
968,95
1252,332
936,95
836,49
1148,359
1262,157
1148,178
577,48
1238,59
474,138
948,414
1107,366
674,196
1168,400
1182,410
1082,332
440,59
584,400
1013,420
648,158
1113,63
1024,308
540,95
1103,398
699,420
700,158
1008,63
667,421
1285,366
585,255
1161,255
552,138
1024,333
496,59
1024,251
1222,332
915,49
819,158
1024,88
888,49
569,95
517,414
1077,306
939,49
592,400
1113,242
853,400
800,413
1239,66
548,138
1058,158
1030,59
794,421
934,332
802,84
1244,336
1266,63
1148,410
496,158
1077,192
562,308
445,421
819,137
1071,400
1191,49
1144,400
716,95
1149,336
1237,400
540,421
1070,410
543,413
1096,49
1045,88
699,30
656,32
1210,84
701,100
1046,32
641,138
1204,333
592,413
995,255
1235,64
928,59
549,400
810,95
705,223
674,151
611,400
1030,312
1024,115
1084,400
1118,63
577,157
795,66
699,9
714,400
1043,157
1119,305
552,306
621,413
1084,336
518,332
1203,66
505,158
1286,6
1209,64
585,157
926,63
1013,137
1013,411
1110,341
698,59
610,32
716,336
700,255
654,400
513,49
928,129
716,59
969,59
861,32
740,336
703,6
627,33
910,63
1002,95
496,137
923,275
1166,366
496,413
964,84
1159,59
1169,266
562,100
546,94
955,95
556,332
768,49
654,410
1112,421
1033,332
1112,225
1013,333
674,130
928,411
1065,32
451,316
1024,157
828,95
1283,95
716,263
1201,410
1025,255
1056,295
913,11
550,95
1057,63
687,416
580,291
676,306
1050,421
630,137
1203,332
1110,64
1077,138
1144,158
1284,95
889,158
548,158
1246,95
1009,263
1221,332
583,410
1077,69
1058,242
513,379
562,400
1262,414
564,333
846,59
1119,366
552,84
674,244
831,306
1037,63
1235,333
799,333
1026,275
705,6
562,345
671,59
519,421
496,275
699,413
552,398
883,332
866,333
776,94
470,420
716,45
1144,410
1011,59
774,275
1059,366
699,250
801,59
713,49
1216,336
548,306
438,400
481,306
1039,421
954,6
1137,9
1113,398
1279,421
954,66
674,219
552,332
432,32
806,63
909,63
1053,355
953,400
502,333
505,366
699,225
642,421
1087,150
1024,245
548,137
998,49
784,138
1166,421
1148,31
996,255
553,84
1024,284
1059,95
464,32
1204,336
1032,59
1071,32
576,157
1224,150
561,59
1212,66
686,66
1024,150
1013,158
1244,400
452,32
1148,398
689,49
588,43
686,398
1053,322
607,32
635,333
1078,12
631,95
1261,59
628,49
595,59
562,310
805,421
857,32
539,400
683,400
1060,95
674,209
525,308
667,333
1285,63
652,253
1024,129
1150,63
698,333
586,95
851,275
597,275
915,158
541,56
924,59
1058,49
1210,242
705,158
437,398
601,332
1077,6
699,395
624,225
844,49
1118,84
562,155
1030,295
1033,400
1164,229
1209,333
556,59
1044,158
700,66
1095,413
707,400
1216,157
1066,400
712,49
1106,421
458,400
623,32
1107,59
505,66
661,400
618,332
1138,400
1236,360
744,336
981,366
926,138
654,49
876,59
1099,327
577,95
620,240
787,400
711,255
613,332
486,400
701,255
958,95
705,95
1236,379
1224,413
863,336
1024,370
1278,400
1060,255
816,398
1074,420
596,59
705,32
767,242
660,400
1244,157
1081,63
842,255
1112,137
647,63
471,158
1282,336
674,168
604,366
1028,332
1013,364
1240,49
992,129
806,305
932,400
913,400
1030,336
553,242
1040,157
1118,416
1205,336
769,332
589,66
1087,138
928,94
697,420
1245,400
1032,63
1134,138
924,138
562,344
532,59
809,255
954,366
1148,308
642,413
672,304
728,336
1161,400
1089,380
1201,84
444,406
1113,138
1120,255
1256,158
1013,341
782,275
1148,366
939,129
897,49
674,364
820,158
1201,225
1212,242
1081,275
585,413
710,284
806,413
570,95
1112,59
1027,32
731,336
1013,385
824,333
1155,398
578,338
1013,157
654,355
1283,49
585,366
507,400
442,32
567,391
699,32
1098,59
1256,185
1103,242
1081,374
577,94
1040,129
928,305
1201,253
780,32
640,366
500,157
1030,63
552,150
1238,253
1254,95
878,420
1104,398
718,316
641,49
1013,144
1077,336
1256,66
902,6
1286,400
837,332
1087,66
951,95
1144,49
627,261
924,49
1030,400
654,63
1148,244
1148,416
1113,157
745,336
652,49
576,308
700,157
1099,332
1118,400
1113,420
550,400
555,158
716,333
694,336
1260,400
622,138
813,63
674,137
706,400
1050,63
488,49
1077,410
1050,95
1219,158
1136,63
439,255
596,6
520,323
669,400
774,389
1093,255
453,49
1201,316
844,366
714,157
874,400
1002,400
570,66
1113,49
1077,263
761,336
1055,158
1061,255
661,266
943,253
517,63
998,255
1256,336
606,332
699,255
564,64
806,95
1110,366
521,6
1052,332
519,69
954,275
479,138
437,59
961,421
447,95
596,400
674,275
907,400
562,321
777,32
629,400
1210,398
771,255
1203,158
577,333
1262,306
1101,316
1029,158
474,308
877,84
537,421
794,336
855,305
562,333
660,366
654,327
523,235
562,199
926,49
467,305
949,333
500,250
628,255
925,400
794,333
1292,400
1107,138
1283,59
1128,138
1077,366
1189,95
1129,49
681,11
1036,157
1256,94
824,32
1131,95
436,400
611,32
1221,84
1285,185
1249,59
871,400
1077,420
819,306
498,152
621,129
926,94
961,66
1112,364
916,336
626,158
1212,333
701,49
906,400
1037,158
505,138
507,333
1077,12
1139,410
522,95
1213,84
494,63
928,138
1113,400
843,255
885,63
1079,63
1283,275
540,420
719,100
1213,429
1207,366
654,95
575,255
1037,157
501,421
626,400
664,400
1112,400
614,84
937,306
1262,332
1010,6
828,421
1013,305
931,266
830,420
562,305
1013,151
588,387
894,59
851,400
980,63
1215,400
1288,138
828,158
923,366
553,400
474,306
1008,333
677,95
666,49
496,138
1207,400
1285,138
1144,413
557,398
674,64
599,95
869,95
1030,410
716,400
1286,138
577,306
673,349
1148,333
517,421
799,308
655,63
659,332
471,63
1033,241
946,332
920,150
1102,59
1033,416
502,32
1264,336
716,332
969,158
1263,95
1013,63
789,49
574,59
629,332
1220,157
1094,63
541,242
1024,95
1213,137
1225,421
854,255
845,158
767,49
562,215
548,225
510,300
1145,400
1024,306
631,59
907,421
1049,333
1205,63
543,420
1103,421
630,332
620,410
635,59
1087,95
883,398
1285,410
1233,49
1274,316
674,150
1214,316
1050,400
1020,63
1091,275
828,413
464,69
831,49
1230,49
1244,379
983,400
816,420
570,332
562,416
1285,237
562,156
707,242
1010,306
1219,421
601,158
698,421
774,32
653,63
582,416
1214,59
1024,420
902,400
1209,59
889,69
643,306
1078,410
1212,275
677,332
1214,6
674,32
592,66
708,59
1220,63
1266,94
950,95
1242,400
1206,263
1151,49
1117,6
665,304
705,316
883,366
475,49
1250,59
540,158
913,333
1210,332
811,406
674,173
505,275
1284,336
678,158
794,158
1095,333
654,241
689,157
1145,364
897,400
997,255
1041,6
840,49
1196,410
1180,63
849,157
474,255
568,95
548,63
785,6
458,95
1024,276
700,410
863,6
576,398
1215,129
537,420
585,6
1204,158
609,242
1032,306
518,63
699,63
520,192
637,318
562,282
1090,63
1047,32
1013,66
1077,413
540,32
631,63
1084,421
631,366
1148,351
786,94
786,95
699,129
1122,158
581,59
686,1
674,305
1202,59
1090,306
562,137
642,63
699,263
652,333
865,158
1061,366
474,49
438,410
869,94
578,387
716,421
1244,6
1257,400
1173,138
1095,185
436,95
450,32
1024,410
1136,255
1043,400
1008,398
697,4
1097,66
553,59
1204,263
896,59
697,69
1081,138
1206,359
872,400
541,59
1256,138
1050,49
548,69
1262,223
676,333
1129,255
715,192
1201,306
1203,49
1007,95
1011,63
683,59
518,253
1024,398
519,157
469,66
1071,137
1134,379
1024,336
1206,94
513,138
1161,158
654,137
612,49
984,158
1283,63
1010,400
689,95
620,400
599,59
1251,63
1237,421
928,306
1161,410
699,275
541,316
814,95
1138,49
674,272
435,59
1084,333
710,157
786,157
1030,333
1260,253
1030,275
1213,332
1214,137
576,416
654,59
496,274
550,158
1254,400
1013,242
931,332
549,332
1037,366
699,150
712,158
658,49
838,49
768,420
717,93
576,63
674,49
1071,157
576,400
982,306
846,49
1018,49
1024,59
451,32
1030,332
828,333
1252,95
521,400
825,95
1250,95
1260,366
1138,95
718,253
504,49
1058,400
620,398
472,136
674,80
856,308
552,336
1257,242
531,69
1045,333
589,306
891,63
774,242
851,63
1281,49
676,266
1220,333
1282,138
1214,95
923,225
513,336
866,366
1255,420
1077,32
862,400
781,59
1264,63
653,59
767,63
446,32
699,236
1005,255
1186,157
1220,138
513,95
1224,138
674,19
936,255
1086,357
714,316
945,59
662,235
978,413
992,84
507,420
1074,95
894,63
569,84
556,420
964,59
850,49
945,253
932,366
1285,64
901,84
699,308
1066,398
519,308
554,70
519,342
1253,366
654,66
641,398
1107,95
653,332
520,379
863,59
1077,95
1013,425
675,158
1103,333
1013,195
589,235
600,400
1258,49
653,224
699,64
1244,66
733,336
676,410
1061,95
738,336
517,138
1244,274
758,336
741,336
584,332
928,400
631,49
778,420
529,63
784,63
435,398
574,327
562,56
521,95
887,59
699,69
937,305
577,63
548,59
1275,95
674,327
1050,333
924,158
486,32
815,400
663,95
636,255
674,4
1136,59
584,95
1274,400
640,332
1256,284
640,49
483,336
1013,185
1193,66
1209,366
973,95
719,39
774,158
615,138
707,59
928,150
563,253
1147,253
618,306
1175,400
577,49
1013,250
563,400
625,59
543,366
828,49
1024,400
457,389
1110,32
1071,255
918,95
669,59
1158,59
688,63
1013,379
1272,66
894,49
902,138
520,109
458,59
620,366
576,32
1126,398
1274,64
1095,32
620,223
1046,59
1274,413
909,49
707,158
1037,32
843,157
553,94
990,95
1220,420
1188,157
820,284
797,416
1156,255
828,59
825,398
1021,336
698,400
481,63
1262,421
853,255
1280,49
1008,59
545,32
806,6
459,400
577,6
534,66
716,253
1169,421
562,150
938,59
653,400
942,361
680,80
1212,240
459,49
1209,306
1175,49
1024,116
1203,138
596,306
958,59
1021,410
1214,421
600,59
541,158
1008,95
1148,95
722,49
714,366
912,416
644,63
615,366
494,49
778,400
519,11
776,95
1013,59
966,59
677,416
459,174
879,64
1239,63
707,420
1133,63
923,359
1061,49
1013,69
825,400
1168,306
1283,416
570,59
852,290
599,63
1022,400
1185,95
675,400
1145,420
824,59
581,316
863,158
670,306
973,59
509,32
1178,59
437,336
552,95
674,66
875,410
505,59
1062,316
1206,66
954,421
774,84
1013,138
441,32
630,66
990,49
990,400
570,235
894,95
686,421
1262,150
702,336
1213,420
839,88
685,398
534,400
1103,95
774,137
786,398
1036,263
589,421
648,63
1148,350
967,420
1148,150
667,95
1007,6
1077,316
1204,421
1134,95
1109,316
491,306
716,94
1008,400
1249,63
629,59
520,277
562,59
1034,59
1210,410
908,63
626,6
686,242
562,95
964,395
548,176
496,400
590,225
682,333
1082,400
794,59
1013,64
518,366
1013,384
944,59
1262,255
1258,421
938,63
1040,255
511,59
494,332
881,63
1084,138
436,421
699,134
1168,308
1030,387
1104,59
830,366
1048,238
1213,157
1210,158
1092,1
928,49
543,308
1210,400
1201,332
1011,49
1013,120
1172,6
1177,138
1043,398
629,6
1263,400
562,242
654,232
699,173
1031,333
1238,94
548,398
947,414
938,420
474,95
1024,364
990,63
1214,420
526,95
1033,59
1112,95
793,32
662,400
795,59
1015,332
737,336
577,336
686,400
1152,59
1180,6
701,398
794,49
612,63
1237,64
592,316
1205,49
543,398
471,157
629,94
748,336
716,350
553,64
1250,158
553,129
629,95
674,172
562,401
577,332
626,255
732,336
828,400
817,400
562,138
593,64
518,400
1200,49
585,123
623,333
1137,95
774,59
1205,66
828,410
629,63
847,410
819,6
1203,410
919,32
1144,411
1231,59
939,95
928,66
1210,63
714,49
1225,275
555,32
642,158
1291,6
488,147
1013,389
723,332
577,400
707,150
517,342
825,49
655,59
1161,420
851,59
516,400
1148,332
433,49
1051,266
585,420
1077,333
1118,332
1148,137
1077,389
1087,6
1077,256
972,414
794,398
985,63
579,333
794,332
1013,261
577,44
1077,242
677,253
705,379
973,158
666,400
930,421
666,63
550,364
1055,308
1138,157
620,59
843,49
1240,421
1243,333
692,1
854,332
499,32
1213,59
1269,49
502,84
626,49
1285,59
699,333
598,95
813,158
552,6
1146,400
926,158
543,306
1148,255
614,158
824,63
681,192
468,59
977,69
1124,63
595,400
1268,400
1155,32
1142,333
505,95
645,138
1077,416
645,421
1231,63
496,416
674,284
514,66
1169,306
562,336
632,398
1203,333
1285,306
897,59
808,410
1080,32
1085,276
1013,361
505,421
1271,429
1169,6
474,225
538,63
965,59
651,336
1276,421
674,223
1013,266
674,158
1214,336
1073,366
612,255
1202,366
691,410
1012,95
1030,389
1212,59
931,158
846,398
842,400
576,94
922,49
1077,400
819,332
612,333
809,6
526,416
749,336
660,158
587,387
693,95
507,416
505,63
1076,157
1274,332
700,333
1269,137
707,332
1095,282
1264,400
589,129
1163,1
911,11
592,253
608,400
577,138
674,420
1190,95
508,400
700,232
954,95
1281,400
942,117
1025,420
904,32
1161,59
1262,59
518,49
1274,157
674,84
926,421
1274,232
905,59
805,63
813,416
686,95
576,336
1252,49
564,49
1008,66
1283,366
1205,95
983,63
771,63
718,429
1206,49
1122,327
699,366
1148,420
674,314
930,400
1017,366
1236,59
1030,429
868,366
1037,263
577,366
562,359
1045,420
1008,253
562,174
700,49
1077,158
847,59
840,242
788,400
654,261
848,66
1148,284
1126,158
760,336
797,157
809,333
700,95
965,366
1016,255
474,150
506,72
739,336
699,137
1077,398
846,158
893,59
465,255
636,59
1051,94
954,332
1021,157
1271,59
1110,240
961,138
970,59
550,332
1077,189
674,253
562,366
1089,138
513,420
1122,421
682,398
885,49
928,383
1077,94
1112,157
1000,255
1061,59
708,32
934,84
562,32
1004,49
1120,59
1103,308
590,137
471,333
1112,398
1121,158
1269,333
1256,398
992,274
562,11
687,63
521,398
562,75
680,192
626,95
1013,119
1124,49
495,421
597,59
1030,66
617,69
473,336
954,333
1289,400
1213,336
699,157
1056,174
816,6
1256,400
953,49
503,332
655,421
1101,400
551,59
992,336
943,95
871,49
1220,95
1013,84
870,398
1013,29
1013,176
1212,157
562,275
544,95
1265,366
768,150
1033,238
774,332
866,157
1103,63
614,49
507,332
626,421
666,95
1187,95
1283,398
1149,157
1168,366
1213,400
989,306
469,223
1012,158
928,255
1220,407
1206,420
1126,137
813,59
697,421
503,59
572,364
824,49
880,32
643,59
838,6
774,66
824,95
1244,84
1145,332
1082,420
1268,366
562,49
586,150
1084,332
496,242
654,69
1138,158
673,316
885,400
1024,305
1094,421
986,400
1077,221
1253,63
1239,6
550,54
677,71
794,416
475,137
860,366
1262,400
516,332
820,63
559,158
943,66
1002,333
685,420
928,282
954,59
1245,421
1095,6
717,275
1245,95
577,410
718,59
588,109
932,242
1133,398
1223,138
801,63
474,366
842,87
695,157
1250,49
577,416
723,366
1127,66
1027,392
521,395
674,138
1039,63
1118,95
809,242
670,63
643,95
1198,63
766,357
720,32
616,400
695,64
756,336
674,185
992,6
940,95
620,138
719,253
539,129
883,306
701,59
1143,410
1218,385
786,406
1148,66
658,332
1148,242
1203,63
1121,157
1035,129
580,290
1262,333
631,6
562,398
1271,242
521,308
811,66
548,6
519,137
698,63
1203,157
474,336
606,398
1079,138
502,64
689,332
570,420
1013,414
844,59
1214,63
494,306
864,340
1248,95
1274,94
562,130
654,158
1257,158
825,63
946,49
820,59
547,420
1059,255
1148,223
1107,158
630,400
819,49
794,255
648,66
674,379
819,420
1286,66
1220,316
659,59
1123,63
1009,237
1112,129
570,242
686,332
1210,66
661,158
1212,306
1198,275
711,95
824,6
585,32
983,49
1013,284
519,94
475,336
640,63
628,32
642,59
1049,95
577,129
1030,84
701,395
979,66
822,32
1060,49
1040,421
1036,235
774,333
954,420
866,49
1256,275
637,147
1142,63
496,95
1068,413
1241,410
1274,6
1274,49
786,138
552,64
774,400
496,63
1257,332
657,400
591,32
716,366
1113,64
1122,400
897,63
591,410
1240,63
475,158
716,308
692,367
1159,398
707,359
1224,333
673,308
1169,95
971,332
1167,255
553,137
1243,94
699,400
1095,421
536,95
1013,263
653,157
1074,316
809,420
1072,32
1019,157
1077,411
820,32
513,413
1030,49
1024,381
520,157
510,11
1256,420
1127,95
633,32
1092,416
517,416
543,63
593,333
496,49
478,95
1045,63
1024,137
540,137
552,379
887,406
584,137
699,152
674,153
903,306
1224,400
954,255
674,408
950,59
1201,49
1013,9
1242,421
1267,158
1243,63
1081,379
963,63
1138,364
842,366
441,59
1214,306
1112,255
974,158
903,336
1020,420
786,379
1125,59
1224,49
1179,63
519,414
1077,244
832,63
916,32
1054,255
556,421
1075,157
476,59
1217,49
505,49
1029,66
793,416
562,19
1247,63
841,59
691,400
487,32
592,95
1274,66
562,363
541,63
1275,421
1105,411
1148,261
558,308
1255,366
505,219
1195,6
926,255
620,137
513,398
636,84
1024,94
585,95
1064,304
1058,63
883,49
854,94
699,274
743,336
1211,366
1013,416
1192,420
774,420
716,385
840,420
1160,275
699,336
835,400
963,59
496,366
815,59
794,137
883,63
1204,95
798,95
1204,400
1113,366
1249,400
923,6
1055,400
1013,422
833,308
954,400
1152,64
969,40
1165,95
1081,49
768,66
688,18
894,398
1096,275
1113,284
1283,138
595,333
549,49
683,225
562,421
1283,400
947,348
863,420
1077,341
570,336
553,308
1143,157
643,49
584,63
1140,157
734,336
1159,421
553,416
1009,49
1084,366
496,332
1284,398
551,400
775,129
779,400
725,336
621,32
496,359
898,400
1084,59
986,66
1013,141
631,306
1285,95
1250,400
1110,364
688,400
459,255
630,366
473,95
847,400
1220,421
861,59
508,94
1283,420
1283,158
1077,52
1270,416
1188,59
1268,95
1206,410
960,253
1065,400
1206,129
1278,59
596,366
1213,138
674,57
557,421
714,275
490,59
1002,49
1191,95
1030,11
1085,157
654,332
714,63
928,275
1252,410
699,284
802,94
642,306
493,214
562,320
651,400
1285,400
686,63
1262,410
1112,224
1182,413
997,49
723,275
1257,95
590,260
432,157
593,400
784,400
773,66
989,305
495,366
921,274
647,138
700,275
634,332
928,63
608,6
1112,308
683,32
612,223
820,6
601,255
502,63
1145,59
1136,284
1197,420
1112,284
1016,332
553,49
974,306
774,366
555,178
928,366
765,366
716,137
1183,59
802,400
716,34
1077,240
1159,49
620,359
1125,158
687,95
991,255
1256,260
1184,400
668,420
1000,49
1287,59
1153,6
1084,95
508,95
629,370
900,255
926,253
1201,336
1077,157
847,255
709,158
682,63
930,59
992,63
567,6
1146,49
1132,32
1145,308
1262,94
895,341
1033,421
1077,214
1081,332
521,410
1030,421
1050,366
952,138
863,421
674,416
1171,59
822,398
650,400
866,275
1082,95
940,333
1113,95
923,255
843,413
570,84
1262,335
706,420
1111,366
1112,66
1205,59
774,255
1073,420
1077,421
496,398
842,242
973,63
1284,255
589,63
1188,410
465,400
890,255
1244,64
1210,49
573,138
1191,63
576,95
675,63
1224,6
1270,59
1213,6
1251,158
1243,158
791,158
668,335
1089,32
474,6
468,173
1018,341
562,232
517,137
854,400
479,63
1191,395
1201,59
654,308
1148,413
1244,158
1112,84
840,63
1240,400
719,32
456,355
476,64
1259,255
932,129
711,94
1248,59
1206,59
557,95
675,95
954,49
1104,416
626,416
1239,420
1284,94
808,158
1018,416
782,49
1209,138
1256,49
1092,420
674,63
1095,255
713,157
592,332
1073,333
517,49
699,416
553,66
1256,225
1102,400
1073,421
604,49
1040,32
905,63
633,175
493,400
1224,421
620,94
533,333
1193,63
1153,59
1013,95
1021,255
928,421
1054,400
723,400
1081,95
1030,95
562,148
1207,95
618,95
592,225
524,408
507,158
1031,400
498,63
1117,66
796,332
1117,59
597,333
1095,332
496,255
700,63
1075,32
850,413
525,408
1032,150
1095,94
1086,15
699,239
825,421
1011,6
1013,258
1212,129
570,333
680,11
807,413
433,332
705,398
555,49
810,49
1045,32
699,174
926,52
1024,366
1119,63
989,400
643,413
621,59
597,49
1154,157
570,63
577,420
931,64
648,6
764,336
1013,6
1221,306
992,366
699,421
1040,400
1224,63
518,86
496,335
714,64
1165,158
985,150
1214,275
1192,157
601,69
1093,95
1134,49
468,32
1069,306
496,94
1030,157
688,95
701,95
1032,398
860,416
501,420
1155,94
552,242
984,242
1157,32
655,158
1283,253
1024,49
667,66
1240,366
561,157
1030,402
1017,400
867,332
620,275
543,64
675,410
849,32
1146,306
1284,242
585,192
914,6
552,49
1122,333
790,66
1262,63
477,429
642,420
1013,49
1013,255
933,255
456,32
1285,421
592,6
1174,400
1284,420
961,306
699,183
774,39
1077,149
660,332
553,350
1124,398
1041,137
592,63
432,32
975,316
1233,158
654,117
674,411
543,6
505,255
954,63
762,336
803,95
1213,63
1272,59
948,348
1009,95
540,395
1077,84
694,63
643,63
672,400
1024,158
603,157
540,255
1240,332
592,49
746,336
1040,84
475,63
552,94
1112,63
791,49
481,400
1205,400
824,332
1036,336
519,10
1211,253
864,49
838,59
582,400
1257,59
1148,421
794,150
507,59
797,138
1014,400
604,400
1024,6
1165,366
1113,59
677,398
474,333
1039,332
1145,66
701,306
552,420
1148,336
755,336
910,49
1129,400
1285,158
570,275
1040,333
438,333
886,59
1214,366
519,59
922,158
630,129
674,93
1020,94
684,306
792,306
631,332
1077,305
843,336
589,398
1048,241
829,158
1095,95
1158,6
701,63
1154,86
801,359
1231,94
674,380
1148,52
856,66
867,6
923,336
700,242
802,336
624,414
1148,232
674,366
590,32
543,421
679,192
654,420
991,63
674,197
716,240
455,32
954,410
475,157
892,6
604,66
494,59
1024,275
699,332
1114,366
1277,63
551,95
894,69
654,64
948,398
1083,115
825,158
674,255
1013,235
948,225
1203,6
645,332
545,63
630,94
802,255
666,366
799,137
480,59
817,49
513,66
658,420
554,420
1244,420
1024,84
870,59
674,374
794,157
1002,255
1088,59
978,95
1036,66
1090,366
686,5
592,421
497,276
699,398
501,400
701,242
862,6
601,400
589,64
847,49
553,333
1030,121
928,6
604,59
928,95
520,366
674,410
1262,49
830,421
1087,59
553,421
1148,94
819,64
721,32
652,158
1002,63
1239,138
888,158
1109,275
634,420
628,63
1244,59
683,158
569,255
841,157
1279,95
928,253
705,333
920,59
826,6
1067,94
928,413
1032,52
1148,395
1256,421
1262,242
1220,59
794,242
1199,263
1001,49
632,63
975,49
906,63
1169,94
495,49
533,398
1092,124
1072,308
543,59
793,6
1191,332
802,63
1030,366
654,316
496,282
548,255
1081,59
1013,94
791,398
705,332
1024,363
1024,335
1185,242
1262,413
793,158
681,406
543,129
557,400
681,32
498,400
976,306
1209,332
1161,6
620,49
1238,306
719,366
1197,95
1082,255
699,95
570,49
797,232
1203,421
543,275
1077,66
1159,64
819,138
674,400
949,95
550,366
674,157
1227,59
1041,332
541,32
1205,94
705,138
474,158
1094,59
1177,129
532,63
1092,59
1038,255
610,410
1013,253
866,66
631,284
1289,59
878,94
941,49
716,250
796,59
1113,421
1234,63
1277,421
1013,240
697,59
513,63
851,6
590,63
592,385
992,157
568,32
1262,366
562,420
700,32
542,95
1135,59
1089,59
642,369
825,255
603,32
1024,223
1207,49
675,64
1236,66
1096,400
776,150
518,421
845,63
1030,138
474,413
1030,72
699,383
1002,420
474,305
1077,59
474,63
699,230
1050,157
714,333
802,225
1024,64
675,316
1013,239
961,400
716,158
1204,6
819,400
1021,366
999,49
1179,157
1050,59
926,235
570,421
434,420
759,336
1252,400
563,398
629,366
882,32
518,420
594,95
1122,366
674,69
771,59
1108,332
885,138
953,59
643,158
648,95
674,5
674,9
597,421
1094,129
538,421
704,333
794,94
645,366
1033,316
544,94
620,95
680,59
505,84
794,6
1023,275
1102,335
1024,192
532,95
819,398
863,398
1231,400
1118,255
552,275
654,364
1103,84
1052,336
567,70
1087,305
552,284
809,158
654,250
677,240
1030,316
907,69
626,420
1013,400
806,333
821,59
1176,333
1050,138
552,274
543,138
889,400
674,357
816,366
702,400
513,275
630,255
1273,94
886,366
436,333
458,102
1206,366
1239,49
654,212
519,63
730,336
1024,294
654,284
1247,59
1262,9
432,316
674,316
1084,316
822,59
626,333
717,393
485,32
675,333
699,350
446,63
1050,255
901,94
812,138
961,6
676,400
780,59
703,158
531,400
1071,332
1126,275
943,420
620,332
562,117
897,138
1205,410
832,95
677,400
513,332
831,410
1191,138
1212,158
648,59
492,32
650,49
798,59
1274,306
552,400
1055,379
1077,255
716,398
774,49
1224,158
1008,421
541,366
1256,395
928,158
1213,66
1224,59
558,421
565,138
843,400
699,158
1024,242
583,32
438,129
541,421
885,421
513,59
552,137
674,332
457,336
654,333
562,63
828,6
519,158
1224,420
1262,284
1077,176
853,420
577,379
1162,416
1210,95
1224,84
1145,158
1117,420
1201,94
791,416
819,410
1219,6
859,400
926,261
644,332
642,332
765,253
924,400
481,95
785,63
724,32
1244,49
994,32
813,49
706,59
1191,336
475,95
976,305
1112,332
614,332
1288,421
553,158
1071,333
531,421
1203,400
792,95
1118,333
714,59
1078,253
699,410
1103,420
847,63
1060,366
674,341
1013,12
628,6
1112,158
693,6
541,400
1150,158
971,59
570,158
675,59
1238,400
1077,286
589,420
515,138
592,59
498,333
914,63
1239,59
721,304
1013,413
719,116
1012,420
844,400
521,158
708,6
1084,413
699,66
674,413
1075,95
543,410
794,400
1244,284
1098,32
474,84
1262,95
1013,256
1187,59
522,400
901,129
496,306
1161,63
1176,421
471,95
923,400
1213,95
1045,95
553,366
472,49
1262,240
1237,129
699,86
474,332
1013,224
1259,63
773,10
825,19
1268,63
1080,255
858,242
1102,332
866,158
677,59
519,255
570,253
1013,275
699,391
1008,366
538,6
1213,414
1024,255
824,400
1262,66
470,366
992,333
689,416
993,32
654,336
513,151
993,387
674,96
654,100
577,158
1008,255
1257,129
1214,49
926,332
954,336
623,64
697,138
799,59
1132,341
828,63
577,32
1021,400
596,49
674,59
1013,150
1184,95
548,305
654,366
654,138
593,138
513,129
714,410
542,66
674,242
442,400
1005,49
594,49
543,95
636,158
687,59
589,157
894,284
1055,59
1261,253
562,115
1104,400
1007,395
1148,63
674,417
1212,95
654,94
654,305
1148,84
1194,138
1206,316
1267,59
891,95
541,333
1220,84
1191,157
1043,333
1023,400
1220,49
1087,308
678,59
507,94
1013,143
543,332
753,336
678,63
842,59
484,32
599,420
632,95
791,421
1241,413
1167,223
903,413
1184,137
699,49
1185,49
1213,158
510,333
938,66
815,420
1256,64
1010,59
820,49
865,63
631,157
1201,400
1132,49
1008,138
585,59
1244,63
1276,336
1262,176
798,158
1026,63
716,305
956,420
1013,88
815,336
1262,274
494,158
1024,316
1036,158
591,421
705,308
699,6
1058,59
724,400
675,6
1240,420
1106,63
1062,94
1255,255
705,366
513,410
979,352
467,32
797,395
859,332
1050,420
773,429
608,63
1102,263
1207,63
1029,95
990,421
695,6
809,306
598,333
841,49
771,158
1173,49
1264,49
589,95
719,429
961,150
463,63
932,429
1274,95
879,63
531,398
596,420
552,255
1192,366
555,242
480,410
647,421
1194,59
620,157
1002,158
602,157
1104,410
1013,139
614,255
476,157
658,275
1170,95
1238,379
1024,188
1097,413
562,253
562,34
684,95
1067,366
689,420
1084,63
1203,366
576,49
663,400
1221,225
1071,223
1002,64
1077,308
893,400
1113,332
1212,332
701,400
1023,420
1012,49
926,420
626,59
601,138
1004,255
696,306
1021,59
1071,316
629,150
651,63
872,6
552,129
630,333
660,63
853,59
551,333
1028,421
1008,416
552,413
1244,332
579,413
516,49
699,59
931,63
436,158
1012,63
1105,59
964,332
1206,333
1092,174
1113,333
784,32
1051,398
1081,307
1251,49
569,158
820,374
674,193
701,333
1223,95
1201,137
1256,333
582,129
1118,152
987,6
887,158
1008,336
1214,413
835,157
1188,275
494,95
1024,413
528,66
630,6
1090,66
503,421
1002,332
819,305
1274,416
735,336
1262,84
1224,95
699,232
620,333
1057,32
1029,59
859,49
1043,63
477,32
1077,332
786,255
883,158
794,95
1129,95
699,309
688,75
1013,145
553,95
599,282
800,253
1077,232
1082,49
584,59
647,398
1024,279
1206,138
966,284
983,59
475,400
1036,32
1246,59
1013,306
1204,59
1013,421
576,6
654,245
440,32
590,235
928,333
569,59
1040,95
619,138
636,400
699,223
887,421
697,95
659,410
1205,158
782,63
1214,332
961,59
701,225
961,63
844,63
1161,284
1210,333
1159,158
1003,255
871,59
552,158
548,400
897,420
656,157
1206,284
803,242
572,366
800,63
851,95
453,255
1105,158
621,366
553,398
513,255
1045,264
714,332
598,59
1212,400
1022,420
577,137
1011,95
1043,253
913,32
1008,49
1133,158
1204,49
654,199
863,63
1024,66
1135,138
1148,70
800,306
1068,410
777,332
652,400
1183,158
1274,137
520,95
1053,49
894,400
701,410
885,398
863,306
1008,332
873,336
598,336
674,39
822,6
674,361
461,305
592,306
935,138
819,59
1280,95
1262,137
1041,63
1082,333
576,138
1043,95
1168,157
1284,63
1022,158
722,400
541,306
825,62
599,137
690,332
957,59
492,95
474,400
705,63
1008,158
1072,332
475,333
562,364
828,237
786,32
680,387
1141,158
1211,421
1181,366
629,275
585,225
645,95
1256,59
1209,95
1039,158
1284,400
1207,158
525,69
1228,306
628,29
601,63
449,32
530,66
1206,63
1035,420
439,333
1231,336
576,150
663,332
1158,400
694,400
1240,379
1013,332
1239,366
1168,95
1250,63
654,421
1212,420
1168,66
648,242
1256,157
598,63
707,63
704,158
675,421
552,63
1041,59
562,255
1234,49
588,368
1209,420
810,400
946,59
590,400
1013,308
658,242
1204,366
991,332
994,29
716,49
1265,333
459,95
1092,212
1172,400
1193,410
784,66
1283,332
577,84
1202,255
682,316
1200,333
649,95
654,6
770,366
1030,187
716,416
926,366
848,138
562,18
553,420
774,94
1229,284
1011,400
1023,158
1285,333
1013,98
1170,59
1285,332
1114,59
675,420
1257,138
674,191
1234,59
552,421
470,158
707,244
929,400
562,365
1159,63
474,66
445,59
999,255
1174,59
699,29
1033,95
699,305
521,49
1163,70
1274,421
1219,316
899,305
1144,421
629,49
827,333
688,20
547,137
588,36
506,73
528,255
657,66
547,95
590,336
1141,410
589,400
1076,32
1024,421
1041,188
543,336
1285,413
709,6
654,255
705,400
988,398
616,49
496,66
518,95
699,240
642,400
1224,332
928,420
553,138
897,94
1255,59
1226,49
1168,333
698,158
698,336
671,421
1148,400
752,336
1224,336
543,158
1239,255
1024,332
900,6
696,63
1168,49
970,95
576,59
592,333
1240,6
496,321
592,138
550,69
1225,49
1158,63
1030,242
605,95
1191,6
854,63
1024,82
1195,400
942,100
983,94
1055,49
1030,308
701,138
791,400
547,255
674,240
877,410
588,111
474,379
1030,255
1209,421
701,332
548,59
1076,316
981,95
517,59
531,420
543,32
1164,1
1214,66
774,223
1265,410
727,336
1137,366
1103,59
485,410
763,336
462,32
548,421
670,32
928,410
699,327
842,94
1189,332
689,400
631,138
521,59
719,59
980,255
754,336
576,158
863,400
598,138
847,275
920,63
621,275
649,32
1024,60
992,49
833,95
1095,176
701,366
699,242
1118,59
1134,59
831,95
1139,366
775,336
1256,95
570,366
647,49
552,366
719,63
794,66
563,332
928,137
1147,400
599,66
1201,421
674,29
1205,366
642,138
674,398
645,59
1013,336
1244,138
628,95
496,336
977,138
1135,306
667,49
459,333
527,63
797,59
1096,333
562,319
682,158
1013,223
674,356
448,32
1148,411
1103,332
546,316
699,94
496,157
828,255
471,55
1201,242
548,49
847,413
570,400
700,244
1256,150
1072,95
930,95
1145,284
1186,350
928,416
1116,366
1196,158
1130,69
932,333
569,224
654,275
1055,332
1095,400
1231,420
699,341
683,366
598,420
819,63
1103,400
674,392
1274,275
1133,59
1100,386
1075,59
585,421
623,253
995,49
540,59
908,95
596,66
1271,421
826,421
624,348
1169,420
1024,429
700,400
474,416
1214,157
872,223
676,59
990,87
929,95
1285,242
499,400
519,95
1226,59
1220,398
1210,6
1220,400
824,335
774,63
857,66
1032,158
541,275
1256,242
708,158
533,95
701,66
1219,416
839,400
466,255
962,421
529,59
867,63
750,336
716,63
531,138
562,332
927,308
864,95
974,66
1006,49
1206,379
1256,332
498,94
1126,420
959,49
904,69
1089,413
747,336
654,32
1274,59
608,223
1045,416
1274,63
813,32
510,94
1213,49
828,420
1025,336
952,137
719,364
1090,95
1075,400
848,400
1148,59
1103,49
885,336
1207,275
794,176
1095,49
666,336
657,59
677,333
521,333
557,63
1073,306
1134,158
535,420
699,82
642,93
520,389
589,59
834,400
932,49
1287,400
718,400
1122,223
825,429
1290,255
619,49
876,32
892,336
1260,255
788,305
1201,95
592,32
1037,404
606,420
1063,316
697,332
569,333
677,129
577,66
