253,15
253,173
253,249
253,91
253,178
254,25
254,54
254,187
255,248
255,171
256,232
256,31
257,249
257,35
257,233
257,54
257,34
257,188
257,92
258,190
258,31
258,232
259,233
259,248
259,70
259,188
259,54
259,240
259,190
260,140
260,188
261,15
261,31
262,15
262,31
262,233
263,15
263,233
264,15
265,15
265,237
266,249
266,31
267,15
267,34
268,15
268,54
269,15
270,15
271,15
272,15
272,178
273,15
274,140
274,25
275,15
276,15
276,139
277,15
277,202
278,190
278,227
279,54
279,58
279,31
279,233
280,25
280,54
280,97
280,140
280,188
280,233
281,15
282,15
282,170
283,15
284,34
285,15
285,31
285,37
286,140
286,233
287,15
287,140
288,15
288,170
289,15
289,96
289,31
290,120
290,36
291,92
291,35
291,211
291,248
292,36
292,92
292,34
292,233
292,25
292,188
292,28
292,91
292,54
293,25
293,74
294,54
294,233
294,25
294,190
295,173
295,46
295,54
295,76
295,85
295,31
295,3
295,140
295,170
295,34
295,188
295,190
295,233
295,243
295,25
295,122
295,36
295,249
295,232
295,211
295,187
295,92
295,171
295,53
295,245
295,219
296,92
296,34
296,233
296,54
296,75
296,25
296,190
296,91
296,31
296,188
297,35
297,91
297,31
298,15
298,252
299,54
299,233
300,31
300,34
300,76
300,140
301,31
301,240
302,34
302,171
302,233
302,54
303,15
303,140
304,15
304,190
305,15
306,15
306,240
307,15
307,233
308,15
309,25
309,82
309,176
309,188
310,15
311,15
311,31
312,171
313,15
313,54
314,116
314,233
315,34
315,233
315,31
315,171
315,92
315,25
315,54
315,187
316,25
316,211
316,249
317,248
317,187
317,133
317,31
317,188
317,219
317,25
317,233
317,91
317,54
317,128
317,92
317,240
317,75
317,190
317,232
317,189
317,182
317,151
317,140
317,53
317,157
317,245
317,36
317,3
317,85
317,243
317,76
317,205
317,211
317,152
317,171
317,249
317,34
318,91
318,153
319,53
319,31
319,188
319,34
319,233
319,87
320,15
320,233
321,91
321,137
321,187
322,233
322,25
322,249
322,54
322,248
323,15
323,34
323,188
323,35
323,46
323,248
324,249
324,187
324,92
324,31
325,187
325,25
326,25
326,76
326,118
326,92
326,211
326,34
326,152
326,249
326,31
326,46
326,140
326,36
326,54
327,40
327,41
328,92
328,34
328,188
328,187
328,245
328,53
328,233
328,248
328,31
329,54
329,53
329,233
330,15
331,6
331,53
331,97
331,167
331,188
332,31
333,205
334,54
334,72
334,76
334,86
334,31
334,140
334,152
334,34
334,187
334,240
334,219
334,233
334,248
334,243
334,190
334,36
334,232
334,70
334,25
335,36
335,54
336,233
336,76
337,233
337,25
337,187
338,34
338,31
338,75
338,245
338,76
338,249
338,194
338,244
338,92
338,53
338,140
338,188
338,25
339,25
339,249
339,47
339,53
339,54
339,34
339,187
339,233
339,139
339,248
339,92
339,211
340,5
340,6
340,15
340,25
340,173
340,249
340,53
340,75
340,91
340,140
340,92
340,34
340,188
340,194
340,37
340,244
340,54
340,31
340,233
341,60
341,108
341,154
341,184
341,219
341,226
341,227
341,91
341,54
341,187
341,211
342,173
342,249
342,54
342,3
342,34
342,233
342,248
342,188
342,25
342,211
342,232
342,31
342,92
342,231
342,240
343,233
343,54
344,126
344,233
345,76
345,239
346,173
346,37
346,239
347,54
347,245
347,25
348,211
348,34
349,54
349,140
349,34
349,36
350,31
350,34
351,15
351,36
352,76
352,232
352,37
352,248
352,233
352,249
353,31
353,54
353,34
354,188
354,232
354,54
355,31
355,233
355,36
356,15
356,248
357,15
357,54
358,248
358,249
359,249
359,3
359,34
360,233
360,70
360,31
361,15
361,54
361,31
361,231
361,248
361,187
361,75
361,92
361,233
361,140
361,249
362,15
362,29
362,31
362,152
362,178
362,233
362,249
362,248
362,92
362,171
362,188
362,34
362,25
362,211
362,133
363,36
363,54
363,233
363,34
364,15
364,25
364,173
364,54
364,70
364,92
364,31
364,3
364,140
364,187
364,190
364,211
364,36
364,233
364,243
364,232
364,76
364,34
364,249
364,35
364,240
364,171
364,152
364,75
364,248
365,54
365,53
366,15
366,91
366,34
367,178
367,92
367,53
368,54
368,140
368,248
368,75
369,75
369,76
369,170
369,34
369,37
369,233
369,54
369,31
369,25
369,240
369,171
369,140
369,122
369,249
369,232
369,99
369,3
369,31
369,92
370,25
370,233
370,187
371,27
371,54
371,92
371,31
371,115
371,209
371,211
371,37
371,233
371,187
372,54
372,31
372,187
372,233
372,240
372,188
373,133
373,25
373,173
373,249
373,53
373,54
373,70
373,76
373,85
373,92
373,31
373,46
373,232
373,3
373,140
373,151
373,158
373,170
373,34
373,187
373,188
373,35
373,190
373,36
373,219
373,233
373,211
373,171
373,243
373,75
373,248
373,245
373,152
374,25
374,173
374,249
374,46
374,53
374,54
374,92
374,31
374,140
374,34
374,232
374,187
374,188
374,35
374,199
374,211
374,36
374,37
374,233
374,248
374,133
374,245
374,75
374,70
374,231
374,76
375,15
375,38
375,248
376,133
376,15
376,25
376,87
376,100
376,92
376,190
377,249
377,31
377,248
377,187
378,232
378,233
378,54
378,249
378,34
378,31
379,173
379,249
380,92
380,240
381,57
381,188
382,31
382,91
383,10
383,205
383,133
383,6
383,9
383,17
383,15
383,29
383,25
383,173
383,42
383,43
383,249
383,54
383,97
383,57
383,62
383,71
383,75
383,83
383,85
383,89
383,92
383,31
383,113
383,117
383,232
383,125
383,140
383,151
383,152
383,157
383,208
383,164
383,170
383,175
383,181
383,182
383,34
383,187
383,188
383,190
383,195
383,196
383,180
383,90
383,209
383,211
383,210
383,37
383,233
383,234
383,243
383,245
383,64
383,248
383,139
383,76
384,232
384,233
384,187
384,3
384,139
385,25
385,188
385,35
386,15
386,76
387,3
388,38
388,228
388,233
388,3
388,54
389,15
389,54
390,31
390,46
390,140
390,35
390,92
390,121
390,188
390,54
391,25
391,249
391,151
391,126
391,54
391,85
391,92
391,103
391,31
391,188
391,190
391,36
391,233
391,240
391,252
391,211
391,34
391,187
391,152
391,139
391,46
391,248
391,158
391,133
391,3
392,140
393,209
393,211
394,248
394,76
395,31
395,186
396,31
396,140
397,15
397,25
397,173
397,53
397,54
397,76
397,85
397,91
397,92
397,232
397,31
397,3
397,190
397,36
397,233
397,245
397,34
398,15
398,22
398,24
398,25
398,54
398,31
398,34
398,187
398,211
398,36
398,233
398,245
398,249
398,92
398,75
398,76
398,46
398,240
398,171
398,188
398,190
398,70
398,53
398,248
398,3
398,140
398,219
398,91
399,21
399,191
399,226
400,188
400,243
401,161
401,162
402,31
402,178
402,187
403,70
403,233
403,245
403,31
404,15
404,240
405,187
405,75
405,233
405,34
405,31
405,54
406,15
406,68
406,91
406,31
406,108
406,3
406,140
406,36
406,34
406,122
406,211
406,248
406,54
406,243
406,249
406,233
407,54
407,85
408,226
409,15
409,18
409,21
409,60
409,61
409,156
409,213
409,226
410,25
410,126
410,35
410,233
410,91
410,70
410,171
410,36
410,248
410,54
410,232
410,249
410,34
410,187
410,92
410,31
410,188
411,15
411,126
411,122
411,127
411,143
411,190
411,31
411,34
411,233
411,187
411,75
412,15
412,240
412,249
413,15
413,3
413,176
413,76
413,249
413,224
413,25
413,122
413,178
413,233
413,171
413,187
413,139
413,243
413,190
413,54
413,188
413,34
413,92
413,36
413,4
413,31
414,188
414,35
414,233
414,76
415,25
415,54
416,188
416,233
416,54
416,31
417,25
417,31
417,3
417,211
417,36
417,248
417,233
417,171
418,25
418,249
418,54
418,34
418,140
418,188
418,152
418,31
419,54
419,188
419,211
419,31
419,76
419,248
419,190
419,34
420,36
420,233
420,31
420,248
420,76
420,157
420,34
420,54
420,190
420,75
421,31
421,233
422,31
422,187
422,76
422,248
422,120
422,140
422,92
422,233
422,37
422,34
423,15
423,91
424,15
424,91
425,25
425,92
425,211
425,36
425,233
425,31
426,54
426,31
427,187
427,232
427,248
428,15
428,113
429,233
429,120
429,34
429,3
430,133
430,171
431,15
431,240
432,15
432,233
433,25
433,232
433,120
433,140
433,31
433,34
433,188
434,187
434,233
435,92
435,190
435,140
435,46
435,187
435,25
436,211
436,76
437,25
437,233
438,37
439,249
439,224
439,187
439,171
439,54
439,188
440,54
440,25
440,76
441,187
441,188
441,75
441,53
441,54
441,233
441,76
441,232
441,240
441,205
441,25
441,131
441,91
441,147
441,152
441,211
441,120
441,31
441,34
442,15
442,31
442,211
442,243
442,233
442,70
442,249
442,152
443,76
443,34
444,15
444,188
444,139
444,35
445,232
445,122
445,197
445,244
446,31
446,34
447,54
447,140
447,245
447,92
447,25
447,249
447,188
447,53
447,31
447,248
447,233
447,3
448,16
448,149
448,34
448,25
448,144
449,15
449,54
449,12
449,25
449,3
449,140
449,187
449,34
450,215
450,85
450,3
450,140
450,34
450,187
450,211
450,233
450,152
450,54
450,31
450,53
450,25
451,53
451,70
451,31
451,233
451,211
451,76
451,36
451,140
451,187
451,188
451,3
451,91
451,75
452,54
452,34
452,233
452,35
452,31
452,249
452,158
452,25
452,187
452,91
452,211
452,76
452,219
452,188
452,171
452,232
452,3
453,34
453,232
453,54
454,15
454,98
455,187
455,31
455,248
456,31
456,188
457,233
457,92
457,140
457,188
457,46
457,31
458,82
458,179
459,82
460,82
461,25
461,187
461,211
461,34
462,25
462,170
462,232
462,37
462,76
463,15
463,76
463,170
463,34
463,214
463,52
463,249
463,233
463,92
463,31
463,54
463,187
463,243
463,240
463,248
463,171
464,92
464,171
464,152
464,34
464,31
464,243
464,54
464,25
464,178
465,34
465,187
466,76
466,187
466,249
466,233
466,31
466,211
466,54
467,211
468,232
468,25
468,249
468,34
468,76
469,54
469,92
469,31
469,36
469,34
469,233
469,3
469,187
469,133
470,15
470,54
471,25
471,233
472,34
472,190
472,233
473,188
473,233
473,25
473,139
473,92
473,54
473,34
474,54
474,233
474,187
474,121
474,34
474,31
474,91
474,248
475,15
475,144
475,25
475,173
475,249
475,54
475,57
475,70
475,75
475,76
475,91
475,92
475,31
475,113
475,115
475,120
475,125
475,137
475,3
475,140
475,143
475,148
475,152
475,158
475,170
475,178
475,34
475,186
475,187
475,188
475,190
475,202
475,209
475,211
475,36
475,233
475,136
475,243
475,240
475,64
475,248
475,139
475,245
475,232
475,35
475,53
475,132
475,171
475,37
476,31
476,34
476,92
476,249
477,15
477,91
478,31
478,233
478,36
478,34
479,187
479,31
479,25
479,152
479,248
479,133
480,240
480,187
480,31
481,92
481,211
481,233
481,34
481,187
482,92
482,233
482,148
483,126
483,233
484,233
484,187
484,248
484,54
485,233
486,105
486,169
487,54
487,31
487,34
487,190
487,233
487,248
487,187
487,249
487,92
487,211
487,25
488,54
488,249
488,25
488,188
488,31
488,36
489,248
489,189
490,31
490,233
491,15
491,34
491,171
492,249
492,31
493,169
493,233
494,173
494,252
494,178
494,198
495,10
495,1
495,4
495,15
495,17
495,19
495,25
495,173
495,44
495,249
495,46
495,49
495,131
495,53
495,54
495,55
495,57
495,65
495,30
495,70
495,71
495,75
495,85
495,86
495,174
495,88
495,91
495,92
495,232
495,95
495,96
495,101
495,31
495,109
495,111
495,112
495,114
495,118
495,120
495,139
495,3
495,140
495,150
495,151
495,152
495,153
495,158
495,170
495,252
495,177
495,178
495,34
495,184
495,186
495,187
495,188
495,35
495,190
495,240
495,193
495,198
495,199
495,201
495,203
495,204
495,207
495,209
495,211
495,36
495,12
495,229
495,37
495,233
495,243
495,246
495,52
495,248
495,128
495,219
495,2
495,171
495,76
495,107
495,245
495,133
495,241
495,217
495,134
495,94
495,135
495,103
495,220
495,239
495,231
496,249
496,92
496,31
496,178
496,34
496,188
496,35
496,233
496,240
496,248
496,3
496,54
497,240
497,233
497,31
497,148
497,140
497,171
497,188
498,70
498,232
498,139
498,233
498,249
498,31
498,245
498,54
498,131
498,25
498,187
498,152
498,76
498,34
498,39
498,188
499,54
499,34
499,92
499,31
500,108
501,6
501,15
501,44
501,108
501,226
501,31
502,6
502,15
502,237
502,108
502,226
503,232
503,34
503,178
503,92
503,188
503,91
504,15
504,211
504,122
504,233
504,31
504,92
505,233
505,54
505,171
506,248
506,232
507,0
507,2
507,34
507,211
507,233
507,36
507,54
507,232
507,133
507,3
507,241
507,245
507,249
507,187
508,54
508,232
508,31
508,46
508,139
508,34
508,245
508,70
509,9
509,42
509,54
509,120
509,34
509,11
509,233
510,25
510,91
510,120
510,187
510,233
510,248
510,245
510,54
511,187
512,233
512,240
513,0
513,138
513,159
513,212
514,54
514,3
515,190
515,34
515,233
516,3
516,35
516,91
516,25
517,34
517,171
518,1
518,15
518,53
518,54
518,31
518,3
518,170
518,34
518,187
518,190
518,37
518,233
518,249
518,232
518,76
518,248
519,245
519,34
519,249
519,188
519,31
519,190
519,92
519,233
520,133
520,13
520,15
520,144
520,25
520,173
520,45
520,249
520,131
520,53
520,54
520,97
520,145
520,174
520,70
520,73
520,75
520,76
520,85
520,87
520,86
520,91
520,92
520,232
520,96
520,102
520,31
520,120
520,124
520,125
520,127
520,139
520,137
520,3
520,140
520,34
520,151
520,152
520,158
520,170
520,178
520,186
520,187
520,188
520,35
520,190
520,240
520,193
520,199
520,207
520,211
520,36
520,219
520,12
520,222
520,37
520,233
520,243
520,248
520,231
520,122
520,245
520,46
520,4
520,171
520,228
520,130
520,47
521,133
521,135
521,15
521,54
521,91
521,125
521,92
521,152
521,140
521,25
521,240
521,188
521,34
521,36
521,31
521,233
521,3
522,25
522,173
522,54
522,57
522,76
522,92
522,31
522,105
522,140
522,34
522,187
522,190
522,240
522,211
522,231
522,233
522,188
522,232
522,133
522,36
522,171
522,122
522,3
523,190
523,233
524,133
524,92
524,3
525,92
525,188
526,15
526,25
526,173
526,249
526,54
526,76
526,92
526,31
526,232
526,34
526,187
526,188
526,233
526,178
526,211
526,36
526,219
526,3
526,140
526,120
527,31
527,233
527,248
528,135
528,25
528,54
528,31
528,92
528,152
528,233
528,34
528,133
528,187
528,248
528,240
528,205
528,190
528,85
529,15
529,91
529,92
529,3
529,31
530,3
530,92
531,91
531,158
532,53
532,54
532,140
532,133
532,31
533,92
533,25
534,25
534,91
534,233
535,249
535,54
535,188
535,25
535,233
535,187
535,240
535,31
535,34
535,211
535,178
535,91
535,139
535,152
535,35
535,248
536,108
537,17
537,173
537,249
537,46
537,131
537,54
537,145
537,75
537,92
537,31
537,139
537,137
537,170
537,187
537,35
537,190
537,240
537,211
537,233
537,245
537,188
537,25
537,199
537,23
537,232
537,34
537,53
537,224
537,248
537,171
538,15
538,242
538,152
538,159
538,230
538,52
539,178
539,233
539,211
539,31
539,139
539,34
539,252
540,15
540,19
540,57
540,31
540,139
540,252
540,34
540,209
540,211
540,63
541,15
541,3
542,15
542,169
543,233
543,25
544,152
544,233
544,211
544,187
545,15
545,233
545,232
546,190
547,190
548,190
549,190
550,190
551,190
552,190
553,190
554,190
555,190
556,190
557,190
558,190
559,190
560,190
561,190
562,190
563,190
564,190
565,190
566,190
567,190
568,190
569,190
570,190
571,190
572,190
573,190
574,190
575,190
576,190
577,190
578,190
579,190
580,190
581,190
582,190
583,190
584,190
585,190
586,25
586,36
586,211
586,139
587,204
588,133
588,25
588,34
588,190
588,158
589,25
589,85
589,36
589,248
590,25
590,187
591,76
591,211
592,140
592,31
592,34
592,92
593,25
593,186
594,5
594,252
594,36
595,15
595,19
595,25
595,54
595,75
595,31
595,120
595,3
595,140
595,34
595,211
595,36
595,227
595,233
595,232
595,187
595,188
595,133
595,248
595,53
595,46
595,152
595,92
596,70
596,190
597,53
597,54
597,85
598,15
598,187
599,233
599,248
600,54
600,233
601,15
601,31
602,232
602,31
603,25
603,31
603,152
603,34
604,248
604,211
605,15
605,36
605,233
605,76
605,34
606,34
606,3
607,15
607,54
607,237
607,31
607,219
607,53
607,140
607,232
607,76
607,34
607,91
608,233
609,170
609,34
609,233
610,54
610,25
611,249
611,36
612,25
612,233
612,31
612,92
612,249
612,232
612,245
613,171
613,54
614,15
614,3
614,245
614,92
615,249
615,54
615,91
615,25
615,233
615,75
615,188
615,76
615,31
615,99
615,187
615,240
615,232
615,133
615,190
615,36
615,53
615,245
615,92
615,85
615,3
615,140
615,248
616,31
616,36
617,31
617,188
617,187
618,15
618,91
618,31
618,245
618,76
618,231
618,125
619,31
619,92
619,54
620,173
620,75
620,31
620,188
621,139
621,34
621,171
621,243
622,205
622,31
622,34
623,53
623,31
623,34
623,190
623,233
623,46
623,140
623,122
624,54
624,133
625,226
625,240
625,64
626,34
626,249
627,170
627,34
627,243
627,248
627,188
627,54
627,3
628,243
629,240
629,243
629,92
630,248
630,249
630,188
630,171
630,133
630,92
630,140
630,3
631,139
631,233
631,25
631,54
631,3
631,187
632,36
632,237
633,76
633,233
633,34
634,15
634,25
634,34
634,188
634,245
634,31
634,92
635,54
635,233
636,31
636,248
636,233
636,190
637,211
637,232
637,3
637,248
638,233
638,25
639,233
639,31
640,54
640,76
640,170
640,34
640,53
640,233
640,240
640,232
640,31
640,3
640,248
640,92
640,35
640,187
640,171
640,25
640,75
641,15
641,92
641,217
641,25
641,31
641,36
641,3
641,34
641,54
641,158
642,190
642,31
643,15
643,178
643,232
643,31
643,92
643,54
643,3
644,233
644,91
644,31
645,15
645,25
645,54
645,3
645,188
645,187
645,233
645,31
645,34
645,189
645,35
646,15
646,140
646,33
646,252
646,34
646,36
646,31
646,25
646,92
646,10
646,54
646,233
646,232
646,190
646,249
647,233
647,249
647,3
647,54
648,188
648,53
649,25
649,3
649,34
649,54
649,249
649,233
649,31
649,128
649,92
649,188
649,240
649,243
649,248
649,140
649,187
650,92
650,188
651,25
651,249
651,211
651,248
652,54
652,240
652,25
652,171
653,34
653,248
653,54
654,173
654,54
655,188
655,233
656,91
656,233
657,25
658,187
658,248
659,25
659,233
659,31
659,3
660,233
660,49
661,133
661,248
661,25
661,34
662,91
662,31
662,25
663,48
663,31
663,53
663,211
663,233
663,140
663,232
663,133
664,91
664,140
664,243
664,190
664,233
664,25
664,211
665,233
665,211
665,25
665,34
665,3
665,31
666,34
666,92
666,25
667,232
667,233
667,25
667,92
667,31
667,34
668,152
668,34
668,190
668,233
668,240
668,211
668,243
668,25
668,140
668,31
669,54
669,233
669,36
669,249
669,76
670,15
670,91
671,243
671,25
672,3
672,152
672,54
672,34
672,31
672,233
673,161
674,233
674,248
674,3
674,31
674,140
675,54
675,34
675,233
675,187
675,53
675,140
676,170
677,173
677,36
678,15
678,36
679,133
679,25
680,25
680,187
680,233
681,211
681,245
682,15
682,31
683,3
683,233
684,3
684,34
684,233
684,31
684,171
684,249
684,232
684,190
684,92
684,248
685,192
685,25
685,54
686,34
686,92
686,188
686,3
687,91
687,92
687,209
687,211
687,36
687,188
687,25
687,187
687,152
688,187
688,25
688,34
688,3
689,211
690,53
690,54
691,232
691,233
691,31
692,31
692,233
692,25
693,233
693,120
693,3
693,240
694,233
694,190
695,190
695,233
696,15
696,240
697,15
697,31
698,46
698,240
699,53
699,248
700,34
700,35
700,188
701,15
701,25
702,34
702,31
703,15
703,91
704,25
704,91
704,92
704,34
704,171
704,187
704,232
704,211
705,25
705,188
706,54
706,34
706,76
706,25
706,171
706,233
706,232
706,190
706,31
706,249
706,245
706,187
707,31
707,211
707,36
708,92
708,237
708,31
708,249
709,92
709,25
710,15
710,92
710,37
710,233
711,140
712,34
712,54
713,190
713,3
714,31
714,233
715,15
715,25
715,37
715,233
715,75
715,232
715,158
715,34
715,53
715,54
715,31
716,193
717,31
717,25
718,54
718,211
718,233
718,248
718,25
718,34
718,243
718,31
718,76
718,53
719,233
719,103
720,170
721,187
721,3
721,140
721,54
722,70
722,46
722,53
723,31
723,76
723,3
723,233
724,190
724,243
724,171
725,15
725,37
726,31
726,34
727,233
727,34
728,37
728,233
728,92
728,54
728,249
729,240
729,34
729,36
729,54
730,34
730,25
731,34
731,25
732,6
733,245
733,25
734,6
734,15
734,188
734,190
734,233
735,3
735,34
736,92
736,25
737,15
737,190
738,34
739,34
739,54
740,15
740,116
741,31
741,34
741,54
741,85
741,25
742,178
742,151
743,25
743,92
744,140
744,152
744,187
744,122
744,36
744,233
744,3
744,190
744,205
744,54
744,211
745,233
745,76
745,53
745,54
745,25
745,92
745,31
746,233
747,92
747,31
747,34
747,211
747,233
747,25
747,248
747,139
747,53
747,76
747,26
747,126
747,140
747,187
747,144
747,249
747,54
748,173
748,53
749,25
749,53
749,54
749,70
749,76
749,85
749,31
749,3
749,92
749,152
749,170
749,34
749,188
749,190
749,240
749,36
749,233
749,241
749,139
749,211
749,157
749,249
749,75
749,222
749,91
749,245
749,171
749,248
749,140
749,243
750,54
750,233
750,248
751,31
751,54
751,249
751,233
752,35
752,187
752,188
752,92
752,34
752,148
752,25
753,25
753,249
753,233
753,188
753,211
753,70
753,133
753,252
754,140
754,54
755,187
755,46
755,31
756,76
756,233
757,54
757,140
758,170
758,171
759,183
759,36
759,31
759,34
759,248
759,35
760,54
760,25
760,70
761,54
761,188
761,31
762,25
762,31
763,57
763,207
763,64
764,248
764,36
764,54
764,139
765,31
766,31
766,139
767,25
767,188
767,187
767,31
768,197
768,244
768,122
769,232
769,122
769,197
769,244
770,188
770,54
788,248
771,54
771,31
772,54
773,76
773,75
774,25
774,31
774,233
775,25
775,53
775,54
775,31
775,34
775,187
775,190
775,233
775,240
775,188
775,3
775,140
775,248
775,76
775,243
775,92
775,36
775,249
775,211
775,152
776,54
777,187
777,248
778,31
778,249
779,54
779,31
780,34
780,25
781,139
782,36
782,76
782,249
782,248
782,34
782,3
782,85
782,54
782,31
782,233
782,171
783,249
783,53
783,25
783,140
784,31
784,34
785,46
785,187
785,231
785,31
786,211
786,31
787,31
787,140
787,158
789,54
790,92
790,20
790,31
791,54
791,31
792,31
792,35
792,187
793,244
793,54
794,54
794,31
794,34
794,92
795,92
795,187
795,36
795,171
796,25
796,178
797,170
797,171
798,37
798,76
799,54
799,243
800,201
800,36
801,140
801,34
802,211
802,54
803,171
803,25
804,233
804,34
804,31
804,54
804,25
804,53
805,133
805,92
806,34
806,85
807,233
807,36
808,3
808,34
809,232
810,170
810,233
810,171
811,25
811,249
811,48
811,54
811,233
811,34
812,34
812,187
812,140
813,188
813,70
813,3
813,34
813,190
813,187
813,25
813,233
813,211
813,46
813,151
813,91
814,15
814,226
815,15
815,12
816,25
816,140
817,25
817,140
818,25
818,140
819,25
819,140
820,25
820,140
821,25
821,140
822,25
822,140
823,34
823,25
823,248
823,233
823,187
823,31
823,92
823,188
823,140
823,35
823,54
824,25
824,140
825,25
825,140
826,25
826,140
827,25
827,140
828,3
828,152
828,231
828,54
829,36
829,76
829,92
829,232
829,140
829,34
829,187
829,188
829,249
829,190
829,233
829,54
829,139
829,211
829,240
829,103
829,31
829,245
829,25
830,128
830,145
830,54
830,25
831,3
831,171
831,31
831,233
831,190
832,233
832,25
832,31
832,54
832,34
832,3
833,34
833,54
833,233
833,92
833,248
833,25
834,130
834,133
834,7
834,15
834,144
834,25
834,173
834,249
834,46
834,49
834,53
834,54
834,56
834,62
834,65
834,66
834,223
834,75
834,76
834,78
834,79
834,80
834,81
834,85
834,86
834,91
834,92
834,31
834,99
834,106
834,110
834,120
834,121
834,232
834,139
834,137
834,3
834,140
834,34
834,142
834,148
834,152
834,158
834,170
834,178
834,187
834,188
834,35
834,190
834,240
834,193
834,199
834,207
834,77
834,251
834,209
834,211
834,36
834,218
834,219
834,12
834,227
834,37
834,233
834,141
834,243
834,244
834,245
834,248
834,250
834,241
834,4
834,131
834,126
834,145
834,224
834,103
834,171
835,233
836,140
836,187
837,140
837,187
838,211
838,31
838,233
839,193
839,245
839,25
840,91
840,92
841,34
841,248
841,53
842,233
842,211
842,31
842,190
842,140
842,240
842,91
843,248
843,233
843,92
844,92
844,152
844,233
844,248
845,133
845,25
845,173
845,45
845,249
845,131
845,215
845,53
845,54
845,62
845,70
845,75
845,76
845,85
845,91
845,92
845,31
845,104
845,105
845,108
845,120
845,139
845,137
845,138
845,3
845,140
845,152
845,153
845,155
845,158
845,163
845,208
845,170
845,252
845,178
845,34
845,232
845,186
845,187
845,188
845,35
845,190
845,32
845,240
845,198
845,199
845,209
845,211
845,216
845,36
845,219
845,233
845,63
845,248
845,49
845,46
845,243
845,136
845,189
845,171
845,221
846,248
846,190
846,140
847,25
847,31
847,152
847,34
848,15
848,229
849,249
849,187
850,31
850,54
850,92
850,36
851,6
851,25
851,173
851,126
851,67
851,40
851,91
851,104
851,3
851,140
851,164
851,176
851,34
851,188
851,211
851,226
851,227
851,233
851,235
851,46
851,190
851,152
851,75
851,249
851,178
851,76
851,252
851,133
851,54
851,36
851,31
851,240
851,187
852,188
852,25
852,233
853,26
853,85
853,92
853,171
853,232
853,31
853,34
853,144
854,249
854,31
854,129
854,132
854,166
854,178
854,233
854,54
854,245
854,187
855,31
855,248
856,31
856,70
856,248
857,15
857,126
857,91
857,92
857,36
857,190
857,145
857,53
858,15
858,173
858,145
858,91
858,236
858,187
858,34
858,54
858,92
858,211
859,140
859,249
860,187
860,249
860,34
860,92
861,15
861,31
861,140
861,188
861,54
861,249
861,70
861,46
861,233
861,91
862,105
862,3
862,34
862,233
862,248
862,187
862,31
862,75
862,76
863,187
864,140
864,34
864,233
864,54
864,232
864,91
864,152
864,139
864,188
865,92
865,188
866,15
866,49
866,34
866,188
866,245
866,248
866,54
866,146
866,31
867,15
867,31
867,139
868,15
869,129
869,132
870,188
870,54
871,25
871,54
871,188
871,31
871,211
871,233
871,248
871,76
871,34
871,249
871,140
871,3
871,91
872,148
872,232
872,53
873,187
873,190
873,36
874,25
874,183
874,202
875,140
875,233
876,173
876,233
876,25
876,187
876,248
876,92
876,219
876,140
876,31
877,97
877,164
878,15
878,34
879,25
879,92
879,31
879,34
879,133
879,233
880,54
880,140
880,211
881,25
881,54
881,31
881,140
881,211
882,25
882,54
882,31
882,140
882,211
883,31
883,53
883,178
884,178
884,220
885,169
885,34
886,15
886,233
887,187
887,233
887,232
888,211
888,53
889,240
889,243
890,34
890,171
891,15
891,240
892,15
892,25
892,178
892,188
892,36
892,91
892,233
892,34
892,120
892,75
892,187
892,140
893,15
893,173
893,54
893,34
893,187
894,92
894,248
894,188
894,171
894,211
894,249
895,54
895,248
895,178
896,15
896,54
896,91
896,233
896,31
897,15
897,91
897,178
898,0
898,135
898,7
898,15
898,25
898,26
898,173
898,249
898,46
898,126
898,54
898,116
898,59
898,70
898,84
898,92
898,31
898,106
898,108
898,119
898,232
898,125
898,170
898,34
898,187
898,188
898,190
898,240
898,193
898,211
898,160
898,227
898,37
898,233
898,141
898,243
898,152
898,53
898,3
898,241
898,140
898,133
898,145
898,99
898,171
898,245
898,178
898,248
898,131
898,158
898,91
898,76
898,36
899,7
899,240
899,139
899,31
900,34
900,25
900,76
900,233
900,92
901,15
901,140
902,25
902,76
902,31
902,152
902,170
902,172
902,34
902,187
902,219
902,217
902,171
902,54
902,122
903,25
903,249
903,54
903,31
903,187
903,188
903,46
903,233
903,140
903,248
903,34
904,50
904,62
904,66
904,165
904,64
905,25
905,54
905,76
905,31
905,190
905,188
905,34
905,233
905,140
905,178
905,243
905,187
905,249
905,211
905,35
906,91
906,153
907,8
907,204
908,173
908,249
908,54
908,76
908,85
908,31
908,3
908,170
908,36
908,233
909,31
909,233
910,15
910,31
910,220
910,76
910,243
911,36
911,54
911,171
911,211
911,34
912,102
912,152
913,0
913,69
913,97
913,115
913,31
913,248
913,245
914,54
914,140
915,31
915,70
915,34
915,249
916,15
916,92
916,103
916,190
916,233
916,31
916,140
916,54
916,53
916,243
916,25
916,249
916,99
916,187
916,248
916,232
916,188
916,3
916,157
917,187
917,188
917,34
917,31
917,152
917,25
917,233
918,243
918,36
919,15
919,31
920,186
920,187
921,225
922,233
922,178
923,189
923,187
923,233
923,31
923,145
924,25
924,173
924,249
924,46
924,54
924,145
924,31
924,34
924,187
924,36
924,233
924,243
924,247
924,248
924,219
924,232
924,152
924,133
924,188
925,240
925,31
925,233
925,232
925,245
926,241
926,92
926,31
927,249
927,34
928,92
928,31
928,54
928,76
928,248
928,34
928,211
929,25
929,187
930,152
930,178
931,15
931,35
931,193
931,209
931,211
931,49
931,131
932,34
932,211
933,173
933,249
933,46
933,54
933,75
933,91
933,31
933,140
933,158
933,187
933,209
933,211
933,37
933,233
933,248
933,122
933,36
933,34
933,70
933,121
933,92
933,232
934,248
934,158
934,188
934,190
934,35
934,76
934,133
934,232
934,34
934,233
934,54
934,25
934,211
934,91
934,249
934,187
934,31
935,211
935,31
936,233
936,211
937,34
937,211
938,31
938,3
938,211
938,36
938,248
938,173
939,140
939,34
939,249
939,31
939,233
939,87
939,245
939,54
939,187
939,188
939,46
940,170
940,34
940,211
940,171
941,31
941,140
942,91
942,92
943,92
943,186
943,209
943,211
943,188
943,120
943,249
943,233
944,173
944,31
944,233
944,34
945,25
945,34
945,232
946,92
946,31
947,145
947,75
947,232
947,233
947,248
947,152
947,92
948,54
948,36
948,76
949,76
950,140
950,233
950,25
950,54
951,168
951,37
952,54
953,15
953,25
953,93
953,193
954,232
954,34
954,31
954,92
955,219
955,25
955,54
955,92
955,31
955,76
955,211
956,31
956,25
956,171
956,76
956,249
957,31
957,140
957,158
957,34
958,211
958,212
958,158
958,54
958,4
959,15
959,54
959,92
959,209
959,211
959,233
959,25
959,34
959,91
960,211
960,240
961,91
961,92
962,92
962,240
963,188
963,34
964,91
964,240
964,243
965,92
965,240
965,243
965,233
965,249
965,25
965,241
966,25
966,173
966,31
966,209
966,36
966,233
966,92
966,248
966,232
966,158
966,211
966,187
967,25
967,233
967,171
968,139
968,233
969,14
969,15
969,144
969,25
969,26
969,173
969,38
969,249
969,36
969,51
969,54
969,66
969,76
969,92
969,100
969,31
969,143
969,158
969,34
969,187
969,190
969,200
969,211
969,233
969,243
969,248
969,232
969,188
969,241
969,70
969,152
969,205
969,85
969,75
969,199
969,133
969,171
969,46
969,245
969,53
969,189
969,125
969,120
969,135
969,140
969,240
969,231
970,91
970,190
971,92
971,171
971,34
972,187
972,25
973,31
973,35
974,31
974,3
975,15
975,47
975,91
976,15
976,53
976,232
977,140
977,31
978,15
979,233
979,92
979,31
979,3
979,34
980,35
980,31
980,25
980,233
980,34
980,249
980,92
980,232
981,152
982,233
982,31
982,248
982,34
982,240
982,140
982,158
982,3
982,92
983,220
983,245
984,0
984,38
985,0
985,123
986,211
986,54
986,92
987,249
987,211
988,120
988,140
989,233
989,25
989,54
989,211
989,173
989,91
989,187
989,188
989,171
989,36
990,53
990,3
990,249
990,171
990,248
990,54
990,148
991,54
991,31
992,31
993,233
993,3
994,25
994,31
994,76
995,233
995,31
996,233
996,25
997,249
997,188
998,70
998,76
999,233
999,31
1000,91
1000,34
1001,3
1001,34
1002,211
1003,240
1003,243
1004,92
1004,31
1005,240
1005,75
1005,54
1005,233
1006,75
1006,54
1006,133
1006,25
1007,91
1007,199
1008,31
1008,54
1009,91
1009,31
1009,240
1009,152
1009,139
1010,54
1010,187
1011,54
1012,34
1012,190
1012,76
1012,54
1012,249
1012,25
1012,3
1012,231
1012,91
1012,31
1012,187
1013,91
1013,248
1013,211
1014,34
1014,240
1014,36
1015,76
1015,31
1016,233
1016,3
1017,92
1017,240
1018,248
1018,54
1019,34
1019,152
1020,145
1020,171
1021,139
1021,188
1021,25
1021,53
1022,76
1022,46
1022,25
1022,54
1022,233
1022,240
1022,34
1022,190
1022,178
1022,153
1022,92
1022,31
1022,139
1022,140
1022,187
1022,122
1022,133
1022,171
1022,188
1022,53
1022,249
1022,75
1022,211
1023,31
1023,140
1023,211
1023,54
1024,76
1024,91
1024,187
1024,92
1024,25
1024,188
1024,211
1024,34
1024,36
1024,233
1024,249
1024,240
1024,54
1024,3
1024,31
1025,34
1025,211
1025,54
1025,25
1025,190
1025,3
1025,188
1025,249
1025,145
1025,31
1025,36
1025,233
1025,92
1026,25
1026,34
1026,211
1026,54
1026,140
1026,240
1026,243
1026,91
1026,31
1026,36
1026,92
1026,53
1026,233
1026,187
1026,190
1027,190
1027,25
1027,158
1027,178
1027,76
1027,36
1027,211
1027,249
1027,92
1027,54
1027,187
1027,31
1027,233
1027,34
1027,70
1027,219
1027,248
1027,205
1027,240
1027,232
1027,53
1027,145
1027,188
1028,25
1028,92
1028,211
1028,233
1028,152
1028,34
1028,54
1029,92
1030,35
1030,34
1030,76
1030,92
1030,187
1030,248
1030,232
1030,31
1030,171
1030,233
1030,211
1030,249
1030,188
1030,54
1031,240
1031,188
1031,211
1031,54
1031,232
1031,187
1031,233
1031,25
1031,46
1031,31
1031,34
1031,3
1031,92
1031,133
1031,36
1031,122
1032,139
1032,211
1032,249
1032,140
1033,171
1033,133
1033,31
1033,36
1033,92
1033,70
1033,188
1033,91
1033,233
1033,187
1033,54
1033,152
1033,131
1033,25
1033,3
1033,248
1033,211
1034,34
1034,31
1034,92
1034,190
1034,46
1034,211
1034,76
1034,25
1034,54
1034,187
1034,248
1034,244
1034,3
1034,36
1034,252
1034,233
1034,91
1034,75
1035,249
1035,211
1035,248
1035,187
1035,54
1035,75
1035,152
1035,178
1035,171
1035,3
1035,190
1035,31
1035,25
1035,36
1035,233
1035,243
1035,34
1035,91
1035,140
1036,249
1036,34
1036,31
1036,70
1036,233
1037,190
1037,91
1038,25
1038,245
1039,224
1039,25
1040,92
1040,31
1040,245
1040,249
1040,178
1040,54
1040,3
1040,232
1041,248
1041,31
1041,232
1041,233
1041,249
1041,158
1041,34
1041,76
1041,91
1041,178
1041,238
1041,188
1041,54
1041,46
1041,25
1042,122
1042,171
1042,46
1042,187
1043,187
1044,54
1044,76
1045,187
1045,25
1045,34
1045,31
1045,152
1045,249
1045,233
1045,76
1045,190
1045,211
1045,46
1045,243
1045,85
1045,3
1045,36
1045,92
1045,248
1045,188
1045,54
1046,152
1046,70
1046,25
1046,249
1047,31
1047,25
1048,31
1049,85
1049,171
1050,54
1050,158
1051,25
1052,31
1052,34
1052,54
1052,190
1052,233
1052,25
1052,53
1052,248
1053,211
1054,25
1054,92
1055,34
1055,31
1055,25
1056,35
1056,188
1057,36
1057,31
1057,25
1057,219
1057,206
1058,249
1058,34
1058,233
1058,70
1058,35
1059,171
1059,187
1059,219
1059,31
1059,139
1059,233
1059,53
1060,31
1060,36
1060,54
1060,188
1060,211
1060,25
1060,3
1060,140
1060,34
1060,248
1060,76
1060,233
1061,219
1061,233
1061,248
1061,3
1061,249
1061,54
1061,187
1061,211
1061,25
1061,34
1062,243
1062,240
1063,233
1063,249
1064,34
1064,188
1064,53
1064,92
1064,233
1065,219
1065,3
1065,34
1065,36
1065,46
1065,188
1065,187
1065,233
1065,31
1065,54
1065,249
1065,151
1065,35
1065,25
1065,190
1065,91
1065,158
1065,248
1065,76
1065,185
1065,92
1066,233
1066,54
1066,35
1066,249
1066,92
1067,31
1067,54
1068,34
1068,31
1069,54
1069,31
1070,34
1070,233
1070,31
1071,233
1071,25
1071,54
1071,92
1071,31
1071,34
1071,211
1072,34
1072,92
1072,25
1073,25
1073,188
1073,233
1073,240
1073,54
1073,211
1073,3
1073,187
1073,249
1074,211
1074,34
1075,54
1075,25
1075,233
1075,188
1075,34
1076,248
1076,211
1076,140
1076,31
1077,76
1077,133
1077,211
1077,187
1077,31
1077,54
1077,103
1077,188
1077,232
1077,25
1077,248
1077,122
1077,190
1077,34
1077,92
1077,53
1077,36
1077,35
1077,171
1077,143
1077,158
1077,249
1077,46
1077,152
1077,85
1077,243
1077,231
1077,70
1077,91
1077,233
1078,54
1078,190
1078,70
1078,187
1078,133
1078,233
1078,91
1078,31
1078,92
1078,34
1078,76
1079,25
1079,249
1080,31
1080,140
1080,34
1081,211
1081,140
1081,139
1081,233
1082,31
1082,139
1083,54
1083,232
1083,243
1083,188
1083,120
1083,233
1083,219
1083,240
1083,249
1083,241
1083,140
1083,25
1083,34
1083,31
1083,133
1083,92
1083,211
1083,4
1083,99
1083,248
1083,171
1083,152
1083,75
1083,53
1083,244
1083,187
1083,35
1083,46
1083,189
1083,91
1083,131
1083,85
1083,3
1083,151
1083,158
1083,70
1083,76
1083,139
1083,190
1083,36
1084,233
1084,54
1085,233
1085,249
1085,34
1085,25
1085,190
1086,211
1086,240
1086,188
1087,34
1087,53
1088,92
1088,31
1089,211
1089,34
1089,233
1089,54
1090,3
1090,75
1090,25
1090,188
1090,31
1091,245
1091,31
1092,240
1092,249
1092,133
1092,252
1092,31
1092,233
1093,31
1093,36
1094,53
1094,233
1095,25
1095,92
1095,152
1095,245
1095,54
1095,249
1095,34
1095,219
1095,171
1095,31
1095,35
1095,3
1095,187
1095,188
1095,190
1095,248
1095,233
1095,243
1095,36
1095,75
1095,178
1095,125
1095,91
1095,80
1095,53
1095,211
1095,239
1096,249
1096,54
1097,190
1097,249
1098,249
1098,34
1099,31
1099,233
1100,54
1100,249
1101,25
1101,54
1102,233
1102,25
1102,36
1103,76
1103,190
1104,34
1104,54
1104,92
1104,233
1104,211
1104,25
1104,248
1104,245
1104,139
1104,249
1104,152
1104,232
1104,76
1104,31
1104,187
1105,54
1105,34
1105,232
1105,25
1105,53
1105,133
1105,233
1105,140
1105,190
1105,248
1105,31
1106,211
1106,34
1106,171
1106,25
1106,103
1106,31
1106,76
1106,152
1106,36
1106,249
1106,92
1106,187
1106,135
1106,128
1106,243
1106,232
1106,240
1106,233
1106,54
1106,133
1106,188
1106,35
1106,53
1106,248
1107,76
1107,233
1107,3
1107,36
1108,31
1108,233
1109,76
1109,249
1110,54
1110,233
1110,31
1111,70
1111,140
1112,3
1113,233
1113,3
